Time,cumulative_mean_fraction_lambda_H
0,0
0.25,0
0.5,0
0.75,0
1,0.461537
1.25,0.419353
1.5,0.431019
1.75,0.368409
2,0.353525
2.25,0.341076
2.5,0.324666
2.75,0.319758
3,0.294678
3.25,0.275102
3.5,0.267917
3.75,0.253466
4,0.241373
4.25,0.231878
4.5,0.221912
4.75,0.211729
5,0.211532
5.25,0.21052
5.5,0.210185
5.75,0.215563
6,0.216312
6.25,0.218455
6.5,0.213799
6.75,0.208902
7,0.207619
7.25,0.205392
7.5,0.200242
7.75,0.202921
8,0.206136
8.25,0.20279
8.5,0.200392
8.75,0.200358
9,0.195171
9.25,0.194919
9.5,0.192227
9.75,0.189872
10,0.188969
10.25,0.18698
10.5,0.186399
10.75,0.184743
11,0.183573
11.25,0.186056
11.5,0.186418
11.75,0.187241
12,0.18331
12.25,0.181044
12.5,0.183806
12.75,0.187447
13,0.19109
13.25,0.192511
13.5,0.197114
13.75,0.19773
14,0.198476
14.25,0.198455
14.5,0.199514
14.75,0.200318
15,0.20234
15.25,0.2016
15.5,0.203108
15.75,0.202093
16,0.203249
16.25,0.20366
16.5,0.20319
16.75,0.202015
17,0.2009
17.25,0.201312
17.5,0.199871
17.75,0.20032
18,0.200135
18.25,0.200123
18.5,0.199877
18.75,0.198224
19,0.197761
19.25,0.197312
19.5,0.198981
19.75,0.197754
20,0.196495
20.25,0.198497
20.5,0.197162
20.75,0.195379
21,0.194922
21.25,0.195243
21.5,0.194956
21.75,0.19464
22,0.195285
22.25,0.195255
22.5,0.195705
22.75,0.196115
23,0.195682
23.25,0.194865
23.5,0.195367
23.75,0.195348
24,0.196672
24.25,0.196717
24.5,0.196785
24.75,0.196987
25,0.196933
25.25,0.196865
25.5,0.196374
25.75,0.196193
26,0.196876
26.25,0.197763
26.5,0.198348
26.75,0.198729
27,0.198815
27.25,0.197657
27.5,0.197986
27.75,0.19784
28,0.197581
28.25,0.197207
28.5,0.197096
28.75,0.197485
29,0.197889
29.25,0.198294
29.5,0.1985
29.75,0.198579
30,0.199122
30.25,0.198693
30.5,0.198266
30.75,0.198362
31,0.198566
31.25,0.198753
31.5,0.199015
31.75,0.199209
32,0.199209
32.25,0.199195
32.5,0.199252
32.75,0.199465
33,0.199687
33.25,0.200085
33.5,0.199969
33.75,0.19994
34,0.20015
34.25,0.200471
34.5,0.200372
34.75,0.200576
35,0.200858
35.25,0.200909
35.5,0.200859
35.75,0.20073
36,0.200712
36.25,0.20069
36.5,0.200853
36.75,0.200879
37,0.200819
37.25,0.200772
37.5,0.200938
37.75,0.201064
38,0.201002
38.25,0.201236
38.5,0.201213
38.75,0.201433
39,0.201643
39.25,0.201842
39.5,0.20212
39.75,0.202313
40,0.202544
40.25,0.202901
40.5,0.203222
40.75,0.203495
41,0.203689
41.25,0.203895
41.5,0.204199
41.75,0.20456
42,0.2049
42.25,0.205083
42.5,0.205428
42.75,0.205731
43,0.206171
43.25,0.206508
43.5,0.206832
43.75,0.207182
44,0.207539
44.25,0.207905
44.5,0.208261
44.75,0.208559
45,0.209035
45.25,0.209324
45.5,0.209604
45.75,0.209975
46,0.210397
46.25,0.210672
46.5,0.210921
46.75,0.211155
47,0.211429
47.25,0.211719
47.5,0.212057
47.75,0.212391
48,0.212767
48.25,0.213023
48.5,0.21333
48.75,0.213652
49,0.213918
49.25,0.214206
49.5,0.21449
49.75,0.214739
50,0.214999
50.25,0.215336
50.5,0.215672
50.75,0.215921
51,0.216189
51.25,0.216438
51.5,0.216665
51.75,0.216905
52,0.217113
52.25,0.217325
52.5,0.217558
52.75,0.217786
53,0.217977
53.25,0.218179
53.5,0.218388
53.75,0.218554
54,0.218715
54.25,0.218847
54.5,0.219
54.75,0.219163
55,0.21927
55.25,0.219393
55.5,0.21954
55.75,0.219654
56,0.219747
56.25,0.219852
56.5,0.219948
56.75,0.220085
57,0.220166
57.25,0.220255
57.5,0.220343
57.75,0.220428
58,0.220512
58.25,0.2206
58.5,0.220648
58.75,0.220718
59,0.220745
59.25,0.220796
59.5,0.220833
59.75,0.220898
60,0.220949
60.25,0.220989
60.5,0.221024
60.75,0.221079
61,0.221131
61.25,0.221152
61.5,0.221202
61.75,0.221222
62,0.221253
62.25,0.2213
62.5,0.221346
62.75,0.22136
63,0.221399
63.25,0.22142
63.5,0.221446
63.75,0.221463
64,0.221478
64.25,0.221509
64.5,0.221528
64.75,0.221554
65,0.221571
65.25,0.221571
65.5,0.221592
65.75,0.221605
66,0.221618
66.25,0.221625
66.5,0.221643
66.75,0.221659
67,0.221666
67.25,0.221683
67.5,0.221689
67.75,0.221689
68,0.221698
68.25,0.221703
68.5,0.221709
68.75,0.221716
69,0.221729
69.25,0.221742
69.5,0.221748
69.75,0.221752
70,0.221757
70.25,0.221757
70.5,0.221761
70.75,0.221769
71,0.221776
71.25,0.221785
71.5,0.22179
71.75,0.221796
72,0.221803
72.25,0.221815
72.5,0.221821
72.75,0.221819
73,0.22182
73.25,0.221824
73.5,0.221824
73.75,0.221832
74,0.221835
74.25,0.221837
74.5,0.221846
74.75,0.221851
75,0.221851
75.25,0.221852
75.5,0.22185
75.75,0.221844
76,0.221843
76.25,0.221845
76.5,0.221848
76.75,0.22185
77,0.22185
77.25,0.221853
77.5,0.221854
77.75,0.221852
78,0.221854
78.25,0.221854
78.5,0.221855
78.75,0.221855
79,0.221855
79.25,0.221856
79.5,0.221857
79.75,0.221855
80,0.221854
80.25,0.221855
80.5,0.221858
80.75,0.221858
81,0.221859
81.25,0.221857
81.5,0.221862
81.75,0.221862
82,0.221864
82.25,0.221866
82.5,0.221866
82.75,0.221867
83,0.221869
83.25,0.221871
83.5,0.221873
83.75,0.221875
84,0.221873
84.25,0.221874
84.5,0.221873
84.75,0.221873
85,0.221875
85.25,0.221877
85.5,0.221879
85.75,0.22188
86,0.221879
86.25,0.22188
86.5,0.22188
86.75,0.22188
87,0.221879
87.25,0.221879
87.5,0.221879
87.75,0.221878
88,0.221879
88.25,0.221878
88.5,0.221879
88.75,0.22188
89,0.22188
89.25,0.221881
89.5,0.221884
89.75,0.221886
90,0.221886
90.25,0.221886
90.5,0.221886
90.75,0.221886
91,0.221887
91.25,0.221886
91.5,0.221885
91.75,0.221884
92,0.221885
92.25,0.221885
92.5,0.221887
92.75,0.221887
93,0.221887
93.25,0.221888
93.5,0.221887
93.75,0.221887
94,0.221888
94.25,0.221888
94.5,0.221887
94.75,0.221887
95,0.221887
95.25,0.221887
95.5,0.221888
95.75,0.221888
96,0.221889
96.25,0.221889
96.5,0.221889
96.75,0.221889
97,0.22189
97.25,0.221889
97.5,0.221889
97.75,0.221889
98,0.221888
98.25,0.221888
98.5,0.221889
98.75,0.221889
99,0.221889
99.25,0.221888
99.5,0.221888
99.75,0.221888
100,0.221888
100.25,0.221888
100.5,0.221888
100.75,0.221888
101,0.221888
101.25,0.221888
101.5,0.221888
101.75,0.22189
102,0.22189
102.25,0.22189
102.5,0.221889
102.75,0.221889
103,0.221889
103.25,0.221889
103.5,0.221889
103.75,0.221889
104,0.221889
104.25,0.221891
104.5,0.221892
104.75,0.221892
105,0.221892
105.25,0.221892
105.5,0.221892
105.75,0.221892
106,0.221892
106.25,0.221892
106.5,0.221892
106.75,0.221892
107,0.221892
107.25,0.221892
107.5,0.221892
107.75,0.221892
108,0.221892
108.25,0.221892
108.5,0.221892
108.75,0.221892
109,0.221892
109.25,0.221892
109.5,0.221892
109.75,0.221892
110,0.221891
110.25,0.221891
110.5,0.221891
110.75,0.221891
111,0.221891
111.25,0.221891
111.5,0.221891
111.75,0.221891
112,0.221891
112.25,0.221891
112.5,0.221891
112.75,0.221891
113,0.221891
113.25,0.221891
113.5,0.221891
113.75,0.221891
114,0.221891
114.25,0.221891
114.5,0.221891
114.75,0.221891
115,0.221891
115.25,0.221891
115.5,0.221891
115.75,0.221891
116,0.221891
116.25,0.221891
116.5,0.221891
116.75,0.221891
117,0.221891
117.25,0.221891
117.5,0.221891
117.75,0.221891
118,0.221891
118.25,0.221891
118.5,0.221891
118.75,0.221891
119,0.221891
119.25,0.221891
119.5,0.221891
119.75,0.221891
120,0.221891
120.25,0.221891
120.5,0.221891
120.75,0.221891
121,0.221891
121.25,0.221891
121.5,0.221891
121.75,0.221891
122,0.221891
122.25,0.221891
122.5,0.221891
122.75,0.221892
123,0.221892
123.25,0.221892
123.5,0.221892
123.75,0.221892
124,0.221892
124.25,0.221892
124.5,0.221892
124.75,0.221892
125,0.221892
125.25,0.221892
125.5,0.221892
125.75,0.221892
126,0.221892
126.25,0.221892
126.5,0.221892
126.75,0.221892
127,0.221893
127.25,0.221893
127.5,0.221893
127.75,0.221893
128,0.221893
128.25,0.221893
128.5,0.221893
128.75,0.221893
129,0.221893
129.25,0.221893
129.5,0.221893
129.75,0.221893
130,0.221893
130.25,0.221893
130.5,0.221893
130.75,0.221893
131,0.221893
131.25,0.221893
131.5,0.221893
131.75,0.221893
132,0.221893
132.25,0.221893
132.5,0.221893
132.75,0.221893
133,0.221893
133.25,0.221893
133.5,0.221893
133.75,0.221893
134,0.221893
134.25,0.221893
134.5,0.221893
134.75,0.221893
135,0.221893
135.25,0.221893
135.5,0.221893
135.75,0.221893
136,0.221893
136.25,0.221893
136.5,0.221893
136.75,0.221893
137,0.221893
137.25,0.221893
137.5,0.221893
137.75,0.221893
138,0.221893
138.25,0.221893
138.5,0.221893
138.75,0.221893
139,0.221893
139.25,0.221893
139.5,0.221893
139.75,0.221893
140,0.221893
140.25,0.221893
140.5,0.221893
140.75,0.221893
141,0.221893
141.25,0.221893
141.5,0.221893
141.75,0.221893
142,0.221893
142.25,0.221893
142.5,0.221893
142.75,0.221893
143,0.221893
143.25,0.221893
143.5,0.221893
143.75,0.221893
144,0.221893
144.25,0.221893
144.5,0.221893
144.75,0.221893
145,0.221893
145.25,0.221893
145.5,0.221893
145.75,0.221893
146,0.221893
146.25,0.221893
146.5,0.221893
146.75,0.221893
147,0.221893
147.25,0.221893
147.5,0.221893
147.75,0.221893
148,0.221893
148.25,0.221893
148.5,0.221893
148.75,0.221893
149,0.221893
149.25,0.221893
149.5,0.221893
149.75,0.221893
150,0.221893
150.25,0.221893
150.5,0.221893
150.75,0.221893
151,0.221893
151.25,0.221893
151.5,0.221893
151.75,0.221893
152,0.221893
152.25,0.221893
152.5,0.221893
152.75,0.221893
153,0.221893
153.25,0.221893
153.5,0.221893
153.75,0.221893
154,0.221893
154.25,0.221893
154.5,0.221893
154.75,0.221893
155,0.221893
155.25,0.221893
155.5,0.221893
155.75,0.221893
156,0.221893
156.25,0.221893
156.5,0.221893
156.75,0.221893
157,0.221893
157.25,0.221893
157.5,0.221893
157.75,0.221893
158,0.221893
158.25,0.221893
158.5,0.221893
158.75,0.221893
159,0.221893
159.25,0.221893
159.5,0.221893
159.75,0.221893
160,0.221893
160.25,0.221893
160.5,0.221893
160.75,0.221893
161,0.221893
161.25,0.221893
161.5,0.221893
161.75,0.221893
162,0.221893
162.25,0.221893
162.5,0.221893
162.75,0.221893
163,0.221893
163.25,0.221893
163.5,0.221893
163.75,0.221893
164,0.221893
164.25,0.221893
164.5,0.221893
164.75,0.221893
165,0.221893
165.25,0.221893
165.5,0.221893
165.75,0.221893
166,0.221893
166.25,0.221893
166.5,0.221893
166.75,0.221893
167,0.221893
167.25,0.221893
167.5,0.221893
167.75,0.221893
168,0.221893
168.25,0.221893
168.5,0.221893
168.75,0.221893
169,0.221893
169.25,0.221893
169.5,0.221893
169.75,0.221893
170,0.221893
170.25,0.221893
170.5,0.221893
170.75,0.221893
171,0.221893
171.25,0.221893
171.5,0.221893
171.75,0.221893
172,0.221893
172.25,0.221893
172.5,0.221893
172.75,0.221893
173,0.221893
173.25,0.221893
173.5,0.221893
173.75,0.221893
174,0.221893
174.25,0.221893
174.5,0.221893
174.75,0.221893
175,0.221893
175.25,0.221893
175.5,0.221893
175.75,0.221893
176,0.221893
176.25,0.221893
176.5,0.221893
176.75,0.221893
177,0.221893
177.25,0.221893
177.5,0.221893
177.75,0.221893
178,0.221893
178.25,0.221893
178.5,0.221893
178.75,0.221893
179,0.221893
179.25,0.221893
179.5,0.221893
179.75,0.221893
180,0.221893
180.25,0.221893
180.5,0.221893
180.75,0.221893
181,0.221893
181.25,0.221893
181.5,0.221893
181.75,0.221893
182,0.221893
182.25,0.221893
182.5,0.221893
182.75,0.221893
183,0.221893
183.25,0.221893
183.5,0.221893
183.75,0.221893
184,0.221893
184.25,0.221893
184.5,0.221893
184.75,0.221893
185,0.221893
185.25,0.221893
185.5,0.221893
185.75,0.221893
186,0.221893
186.25,0.221893
186.5,0.221893
186.75,0.221893
187,0.221893
187.25,0.221893
187.5,0.221893
187.75,0.221893
188,0.221893
188.25,0.221893
188.5,0.221893
188.75,0.221893
189,0.221893
189.25,0.221893
189.5,0.221893
189.75,0.221893
190,0.221893
190.25,0.221893
190.5,0.221893
190.75,0.221893
191,0.221893
191.25,0.221893
191.5,0.221893
191.75,0.221893
192,0.221893
192.25,0.221893
192.5,0.221893
192.75,0.221893
193,0.221893
193.25,0.221893
193.5,0.221893
193.75,0.221893
194,0.221893
194.25,0.221893
194.5,0.221893
194.75,0.221893
195,0.221893
195.25,0.221893
195.5,0.221893
195.75,0.221893
196,0.221893
196.25,0.221893
196.5,0.221893
196.75,0.221893
197,0.221893
197.25,0.221893
197.5,0.221893
197.75,0.221893
198,0.221893
198.25,0.221893
198.5,0.221893
198.75,0.221893
199,0.221893
199.25,0.221893
199.5,0.221893
199.75,0.221893
200,0.221893
200.25,0.221893
200.5,0.221893
200.75,0.221893
201,0.221893
201.25,0.221893
201.5,0.221893
201.75,0.221893
202,0.221893
202.25,0.221893
202.5,0.221893
202.75,0.221893
203,0.221893
203.25,0.221893
203.5,0.221893
203.75,0.221893
204,0.221893
204.25,0.221893
204.5,0.221893
204.75,0.221893
205,0.221893
205.25,0.221893
205.5,0.221893
205.75,0.221893
206,0.221893
206.25,0.221893
206.5,0.221893
206.75,0.221893
207,0.221893
207.25,0.221893
207.5,0.221893
207.75,0.221893
208,0.221893
208.25,0.221893
208.5,0.221893
208.75,0.221893
209,0.221893
209.25,0.221893
209.5,0.221893
209.75,0.221893
210,0.221893
210.25,0.221893
210.5,0.221893
210.75,0.221893
211,0.221893
211.25,0.221893
211.5,0.221893
211.75,0.221893
212,0.221893
212.25,0.221893
212.5,0.221893
212.75,0.221893
213,0.221893
213.25,0.221893
213.5,0.221893
213.75,0.221893
214,0.221893
214.25,0.221893
214.5,0.221893
214.75,0.221893
215,0.221893
215.25,0.221893
215.5,0.221893
215.75,0.221893
216,0.221893
216.25,0.221893
216.5,0.221893
216.75,0.221893
217,0.221893
217.25,0.221893
217.5,0.221893
217.75,0.221893
218,0.221893
218.25,0.221893
218.5,0.221893
218.75,0.221893
219,0.221893
219.25,0.221893
219.5,0.221893
219.75,0.221893
220,0.221893
220.25,0.221893
220.5,0.221893
220.75,0.221893
221,0.221893
221.25,0.221893
221.5,0.221893
221.75,0.221893
222,0.221893
222.25,0.221893
222.5,0.221893
222.75,0.221893
223,0.221893
223.25,0.221893
223.5,0.221893
223.75,0.221893
224,0.221893
224.25,0.221893
224.5,0.221893
224.75,0.221893
225,0.221893
225.25,0.221893
225.5,0.221893
225.75,0.221893
226,0.221893
226.25,0.221893
226.5,0.221893
226.75,0.221893
227,0.221893
227.25,0.221893
227.5,0.221893
227.75,0.221893
228,0.221893
228.25,0.221893
228.5,0.221893
228.75,0.221893
229,0.221893
229.25,0.221893
229.5,0.221893
229.75,0.221893
230,0.221893
230.25,0.221893
230.5,0.221893
230.75,0.221893
231,0.221893
231.25,0.221893
231.5,0.221893
231.75,0.221893
232,0.221893
232.25,0.221893
232.5,0.221893
232.75,0.221893
233,0.221893
233.25,0.221893
233.5,0.221893
233.75,0.221893
234,0.221893
234.25,0.221893
234.5,0.221893
234.75,0.221893
235,0.221893
235.25,0.221893
235.5,0.221893
235.75,0.221893
236,0.221893
236.25,0.221893
236.5,0.221893
236.75,0.221893
237,0.221893
237.25,0.221893
237.5,0.221893
237.75,0.221893
238,0.221893
238.25,0.221893
238.5,0.221893
238.75,0.221893
239,0.221893
239.25,0.221893
239.5,0.221893
239.75,0.221893
240,0.221893
240.25,0.221893
240.5,0.221893
240.75,0.221893
241,0.221893
241.25,0.221893
241.5,0.221893
241.75,0.221893
242,0.221893
242.25,0.221893
242.5,0.221893
242.75,0.221893
243,0.221893
243.25,0.221893
243.5,0.221893
243.75,0.221893
244,0.221893
244.25,0.221893
244.5,0.221893
244.75,0.221893
245,0.221893
245.25,0.221893
245.5,0.221893
245.75,0.221893
246,0.221893
246.25,0.221893
246.5,0.221893
246.75,0.221893
247,0.221893
247.25,0.221893
247.5,0.221893
247.75,0.221893
248,0.221893
248.25,0.221893
248.5,0.221893
248.75,0.221893
249,0.221893
249.25,0.221893
249.5,0.221893
249.75,0.221893
250,0.221893
250.25,0.221893
250.5,0.221893
250.75,0.221893
251,0.221893
251.25,0.221893
251.5,0.221893
251.75,0.221893
252,0.221893
252.25,0.221893
252.5,0.221893
252.75,0.221893
253,0.221893
253.25,0.221893
253.5,0.221893
253.75,0.221893
254,0.221893
254.25,0.221893
254.5,0.221893
254.75,0.221893
255,0.221893
255.25,0.221893
255.5,0.221893
255.75,0.221893
256,0.221893
256.25,0.221893
256.5,0.221893
256.75,0.221893
257,0.221893
257.25,0.221893
257.5,0.221893
257.75,0.221893
258,0.221893
258.25,0.221893
258.5,0.221893
258.75,0.221893
259,0.221893
259.25,0.221893
259.5,0.221893
259.75,0.221893
260,0.221893
260.25,0.221893
260.5,0.221893
260.75,0.221893
261,0.221893
261.25,0.221893
261.5,0.221893
261.75,0.221893
262,0.221893
262.25,0.221893
262.5,0.221893
262.75,0.221893
263,0.221893
263.25,0.221893
263.5,0.221893
263.75,0.221893
264,0.221893
264.25,0.221893
264.5,0.221893
264.75,0.221893
265,0.221893
265.25,0.221893
265.5,0.221893
265.75,0.221893
266,0.221893
266.25,0.221893
266.5,0.221893
266.75,0.221893
267,0.221893
267.25,0.221893
267.5,0.221893
267.75,0.221893
268,0.221893
268.25,0.221893
268.5,0.221893
268.75,0.221893
269,0.221893
269.25,0.221893
269.5,0.221893
269.75,0.221893
270,0.221893
270.25,0.221893
270.5,0.221893
270.75,0.221893
271,0.221893
271.25,0.221893
271.5,0.221893
271.75,0.221893
272,0.221893
272.25,0.221893
272.5,0.221893
272.75,0.221893
273,0.221893
273.25,0.221893
273.5,0.221893
273.75,0.221893
274,0.221893
274.25,0.221893
274.5,0.221893
274.75,0.221893
275,0.221893
275.25,0.221893
275.5,0.221893
275.75,0.221893
276,0.221893
276.25,0.221893
276.5,0.221893
276.75,0.221893
277,0.221893
277.25,0.221893
277.5,0.221893
277.75,0.221893
278,0.221893
278.25,0.221893
278.5,0.221893
278.75,0.221893
279,0.221893
279.25,0.221893
279.5,0.221893
279.75,0.221893
280,0.221893
280.25,0.221893
280.5,0.221893
280.75,0.221893
281,0.221893
281.25,0.221893
281.5,0.221893
281.75,0.221893
282,0.221893
282.25,0.221893
282.5,0.221893
282.75,0.221893
283,0.221893
283.25,0.221893
283.5,0.221893
283.75,0.221893
284,0.221893
284.25,0.221893
284.5,0.221893
284.75,0.221893
285,0.221893
285.25,0.221893
285.5,0.221893
285.75,0.221893
286,0.221893
286.25,0.221893
286.5,0.221893
286.75,0.221893
287,0.221893
287.25,0.221893
287.5,0.221893
287.75,0.221893
288,0.221893
288.25,0.221893
288.5,0.221893
288.75,0.221893
289,0.221893
289.25,0.221893
289.5,0.221893
289.75,0.221893
290,0.221893
290.25,0.221893
290.5,0.221893
290.75,0.221893
291,0.221893
291.25,0.221893
291.5,0.221893
291.75,0.221893
292,0.221893
292.25,0.221893
292.5,0.221893
292.75,0.221893
293,0.221893
293.25,0.221893
293.5,0.221893
293.75,0.221893
294,0.221893
294.25,0.221893
294.5,0.221893
294.75,0.221893
295,0.221893
295.25,0.221893
295.5,0.221893
295.75,0.221893
296,0.221893
296.25,0.221893
296.5,0.221893
296.75,0.221893
297,0.221893
297.25,0.221893
297.5,0.221893
297.75,0.221893
298,0.221893
298.25,0.221893
298.5,0.221893
298.75,0.221893
299,0.221893
299.25,0.221893
299.5,0.221893
299.75,0.221893
300,0.221893
300.25,0.221893
300.5,0.221893
300.75,0.221893
301,0.221893
301.25,0.221893
301.5,0.221893
301.75,0.221893
302,0.221893
302.25,0.221893
302.5,0.221893
302.75,0.221893
303,0.221893
303.25,0.221893
303.5,0.221893
303.75,0.221893
304,0.221893
304.25,0.221893
304.5,0.221893
304.75,0.221893
305,0.221893
305.25,0.221893
305.5,0.221893
305.75,0.221893
306,0.221893
306.25,0.221893
306.5,0.221893
306.75,0.221893
307,0.221893
307.25,0.221893
307.5,0.221893
307.75,0.221893
308,0.221893
308.25,0.221893
308.5,0.221893
308.75,0.221893
309,0.221893
309.25,0.221893
309.5,0.221893
309.75,0.221893
310,0.221893
310.25,0.221893
310.5,0.221893
310.75,0.221893
311,0.221893
311.25,0.221893
311.5,0.221893
311.75,0.221893
312,0.221893
312.25,0.221893
312.5,0.221893
312.75,0.221893
313,0.221893
313.25,0.221893
313.5,0.221893
313.75,0.221893
314,0.221893
314.25,0.221893
314.5,0.221893
314.75,0.221893
315,0.221893
315.25,0.221893
315.5,0.221893
315.75,0.221893
316,0.221893
316.25,0.221893
316.5,0.221893
316.75,0.221893
317,0.221893
317.25,0.221893
317.5,0.221893
317.75,0.221893
318,0.221893
318.25,0.221893
318.5,0.221893
318.75,0.221893
319,0.221893
319.25,0.221893
319.5,0.221893
319.75,0.221893
320,0.221893
320.25,0.221893
320.5,0.221893
320.75,0.221893
321,0.221893
321.25,0.221893
321.5,0.221893
321.75,0.221893
322,0.221893
322.25,0.221893
322.5,0.221893
322.75,0.221893
323,0.221893
323.25,0.221893
323.5,0.221893
323.75,0.221893
324,0.221893
324.25,0.221893
324.5,0.221893
324.75,0.221893
325,0.221893
325.25,0.221893
325.5,0.221893
325.75,0.221893
326,0.221893
326.25,0.221893
326.5,0.221893
326.75,0.221893
327,0.221893
327.25,0.221893
327.5,0.221893
327.75,0.221893
328,0.221893
328.25,0.221893
328.5,0.221893
328.75,0.221893
329,0.221893
329.25,0.221893
329.5,0.221893
329.75,0.221893
330,0.221893
330.25,0.221893
330.5,0.221893
330.75,0.221893
331,0.221893
331.25,0.221893
331.5,0.221893
331.75,0.221893
332,0.221893
332.25,0.221893
332.5,0.221893
332.75,0.221893
333,0.221893
333.25,0.221893
333.5,0.221893
333.75,0.221893
334,0.221893
334.25,0.221893
334.5,0.221893
334.75,0.221893
335,0.221893
335.25,0.221893
335.5,0.221893
335.75,0.221893
336,0.221893
336.25,0.221893
336.5,0.221893
336.75,0.221893
337,0.221893
337.25,0.221893
337.5,0.221893
337.75,0.221893
338,0.221893
338.25,0.221893
338.5,0.221893
338.75,0.221893
339,0.221893
339.25,0.221893
339.5,0.221893
339.75,0.221893
340,0.221893
340.25,0.221893
340.5,0.221893
340.75,0.221893
341,0.221893
341.25,0.221893
341.5,0.221893
341.75,0.221893
342,0.221893
342.25,0.221893
342.5,0.221893
342.75,0.221893
343,0.221893
343.25,0.221893
343.5,0.221893
343.75,0.221893
344,0.221893
344.25,0.221893
344.5,0.221893
344.75,0.221893
345,0.221893
345.25,0.221893
345.5,0.221893
345.75,0.221893
346,0.221893
346.25,0.221893
346.5,0.221893
346.75,0.221893
347,0.221893
347.25,0.221893
347.5,0.221893
347.75,0.221893
348,0.221893
348.25,0.221893
348.5,0.221893
348.75,0.221893
349,0.221893
349.25,0.221893
349.5,0.221893
349.75,0.221893
350,0.221893
350.25,0.221893
350.5,0.221893
350.75,0.221893
351,0.221893
351.25,0.221893
351.5,0.221893
351.75,0.221893
352,0.221893
352.25,0.221893
352.5,0.221893
352.75,0.221893
353,0.221893
353.25,0.221893
353.5,0.221893
353.75,0.221893
354,0.221893
354.25,0.221893
354.5,0.221893
354.75,0.221893
355,0.221893
355.25,0.221893
355.5,0.221893
355.75,0.221893
356,0.221893
356.25,0.221893
356.5,0.221893
356.75,0.221893
357,0.221893
357.25,0.221893
357.5,0.221893
357.75,0.221893
358,0.221893
358.25,0.221893
358.5,0.221893
358.75,0.221893
359,0.221893
359.25,0.221893
359.5,0.221893
359.75,0.221893
360,0.221893
360.25,0.221893
360.5,0.221893
360.75,0.221893
361,0.221893
361.25,0.221893
361.5,0.221893
361.75,0.221893
362,0.221893
362.25,0.221893
362.5,0.221893
362.75,0.221893
363,0.221893
363.25,0.221893
363.5,0.221893
363.75,0.221893
364,0.221893
364.25,0.221893
364.5,0.221893
364.75,0.221893
365,0.221893
365.25,0.221893
365.5,0.221893
365.75,0.221893
366,0.221893
366.25,0.221893
366.5,0.221893
366.75,0.221893
367,0.221893
367.25,0.221893
367.5,0.221893
367.75,0.221893
368,0.221893
368.25,0.221893
368.5,0.221893
368.75,0.221893
369,0.221893
369.25,0.221893
369.5,0.221893
369.75,0.221893
370,0.221893
370.25,0.221893
370.5,0.221893
370.75,0.221893
371,0.221893
371.25,0.221893
371.5,0.221893
371.75,0.221893
372,0.221893
372.25,0.221893
372.5,0.221893
372.75,0.221893
373,0.221893
373.25,0.221893
373.5,0.221893
373.75,0.221893
374,0.221893
374.25,0.221893
374.5,0.221893
374.75,0.221893
375,0.221893
375.25,0.221893
375.5,0.221893
375.75,0.221893
376,0.221893
376.25,0.221893
376.5,0.221893
376.75,0.221893
377,0.221893
377.25,0.221893
377.5,0.221893
377.75,0.221893
378,0.221893
378.25,0.221893
378.5,0.221893
378.75,0.221893
379,0.221893
379.25,0.221893
379.5,0.221893
379.75,0.221893
380,0.221893
380.25,0.221893
380.5,0.221893
380.75,0.221893
381,0.221893
381.25,0.221893
381.5,0.221893
381.75,0.221893
382,0.221893
382.25,0.221893
382.5,0.221893
382.75,0.221893
383,0.221893
383.25,0.221893
383.5,0.221893
383.75,0.221893
384,0.221893
384.25,0.221893
384.5,0.221893
384.75,0.221893
385,0.221893
385.25,0.221893
385.5,0.221893
385.75,0.221893
386,0.221893
386.25,0.221893
386.5,0.221893
386.75,0.221893
387,0.221893
387.25,0.221893
387.5,0.221893
387.75,0.221893
388,0.221893
388.25,0.221893
388.5,0.221893
388.75,0.221893
389,0.221893
389.25,0.221893
389.5,0.221893
389.75,0.221893
390,0.221893
390.25,0.221893
390.5,0.221893
390.75,0.221893
391,0.221893
391.25,0.221893
391.5,0.221893
391.75,0.221893
392,0.221893
392.25,0.221893
392.5,0.221893
392.75,0.221893
393,0.221893
393.25,0.221893
393.5,0.221893
393.75,0.221893
394,0.221893
394.25,0.221893
394.5,0.221893
394.75,0.221893
395,0.221893
395.25,0.221893
395.5,0.221893
395.75,0.221893
396,0.221893
396.25,0.221893
396.5,0.221893
396.75,0.221893
397,0.221893
397.25,0.221893
397.5,0.221893
397.75,0.221893
398,0.221893
398.25,0.221893
398.5,0.221893
398.75,0.221893
399,0.221893
399.25,0.221893
399.5,0.221893
399.75,0.221893
400,0.221893
400.25,0.221893
400.5,0.221893
400.75,0.221893
401,0.221893
401.25,0.221893
401.5,0.221893
401.75,0.221893
402,0.221893
402.25,0.221893
402.5,0.221893
402.75,0.221893
403,0.221893
403.25,0.221893
403.5,0.221893
403.75,0.221893
404,0.221893
404.25,0.221893
404.5,0.221893
404.75,0.221893
405,0.221893
405.25,0.221893
405.5,0.221893
405.75,0.221893
406,0.221893
406.25,0.221893
406.5,0.221893
406.75,0.221893
407,0.221893
407.25,0.221893
407.5,0.221893
407.75,0.221893
408,0.221893
408.25,0.221893
408.5,0.221893
408.75,0.221893
409,0.221893
409.25,0.221893
409.5,0.221893
409.75,0.221893
410,0.221893
410.25,0.221893
410.5,0.221893
410.75,0.221893
411,0.221893
411.25,0.221893
411.5,0.221893
411.75,0.221893
412,0.221893
412.25,0.221893
412.5,0.221893
412.75,0.221893
413,0.221893
413.25,0.221893
413.5,0.221893
413.75,0.221893
414,0.221893
414.25,0.221893
414.5,0.221893
414.75,0.221893
415,0.221893
415.25,0.221893
415.5,0.221893
415.75,0.221893
416,0.221893
416.25,0.221893
416.5,0.221893
416.75,0.221893
417,0.221893
417.25,0.221893
417.5,0.221893
417.75,0.221893
418,0.221893
418.25,0.221893
418.5,0.221893
418.75,0.221893
419,0.221893
419.25,0.221893
419.5,0.221893
419.75,0.221893
420,0.221893
420.25,0.221893
420.5,0.221893
420.75,0.221893
421,0.221893
421.25,0.221893
421.5,0.221893
421.75,0.221893
422,0.221893
422.25,0.221893
422.5,0.221893
422.75,0.221893
423,0.221893
423.25,0.221893
423.5,0.221893
423.75,0.221893
424,0.221893
424.25,0.221893
424.5,0.221893
424.75,0.221893
425,0.221893
425.25,0.221893
425.5,0.221893
425.75,0.221893
426,0.221893
426.25,0.221893
426.5,0.221893
426.75,0.221893
427,0.221893
427.25,0.221893
427.5,0.221893
427.75,0.221893
428,0.221893
428.25,0.221893
428.5,0.221893
428.75,0.221893
429,0.221893
429.25,0.221893
429.5,0.221893
429.75,0.221893
430,0.221893
430.25,0.221893
430.5,0.221893
430.75,0.221893
431,0.221893
431.25,0.221893
431.5,0.221893
431.75,0.221893
432,0.221893
432.25,0.221893
432.5,0.221893
432.75,0.221893
433,0.221893
433.25,0.221893
433.5,0.221893
433.75,0.221893
434,0.221893
434.25,0.221893
434.5,0.221893
434.75,0.221893
435,0.221893
435.25,0.221893
435.5,0.221893
435.75,0.221893
436,0.221893
436.25,0.221893
436.5,0.221893
436.75,0.221893
437,0.221893
437.25,0.221893
437.5,0.221893
437.75,0.221893
438,0.221893
438.25,0.221893
438.5,0.221893
438.75,0.221893
439,0.221893
439.25,0.221893
439.5,0.221893
439.75,0.221893
440,0.221893
440.25,0.221893
440.5,0.221893
440.75,0.221893
441,0.221893
441.25,0.221893
441.5,0.221893
441.75,0.221893
442,0.221893
442.25,0.221893
442.5,0.221893
442.75,0.221893
443,0.221893
443.25,0.221893
443.5,0.221893
443.75,0.221893
444,0.221893
444.25,0.221893
444.5,0.221893
444.75,0.221893
445,0.221893
445.25,0.221893
445.5,0.221893
445.75,0.221893
446,0.221893
446.25,0.221893
446.5,0.221893
446.75,0.221893
447,0.221893
447.25,0.221893
447.5,0.221893
447.75,0.221893
448,0.221893
448.25,0.221893
448.5,0.221893
448.75,0.221893
449,0.221893
449.25,0.221893
449.5,0.221893
449.75,0.221893
450,0.221893
450.25,0.221893
450.5,0.221893
450.75,0.221893
451,0.221893
451.25,0.221893
451.5,0.221893
451.75,0.221893
452,0.221893
452.25,0.221893
452.5,0.221893
452.75,0.221893
453,0.221893
453.25,0.221893
453.5,0.221893
453.75,0.221893
454,0.221893
454.25,0.221893
454.5,0.221893
454.75,0.221893
455,0.221893
455.25,0.221893
455.5,0.221893
455.75,0.221893
456,0.221893
456.25,0.221893
456.5,0.221893
456.75,0.221893
457,0.221893
457.25,0.221893
457.5,0.221893
457.75,0.221893
458,0.221893
458.25,0.221893
458.5,0.221893
458.75,0.221893
459,0.221893
459.25,0.221893
459.5,0.221893
459.75,0.221893
460,0.221893
460.25,0.221893
460.5,0.221893
460.75,0.221893
461,0.221893
461.25,0.221893
461.5,0.221893
461.75,0.221893
462,0.221893
462.25,0.221893
462.5,0.221893
462.75,0.221893
463,0.221893
463.25,0.221893
463.5,0.221893
463.75,0.221893
464,0.221893
464.25,0.221893
464.5,0.221893
464.75,0.221893
465,0.221893
465.25,0.221893
465.5,0.221893
465.75,0.221893
466,0.221893
466.25,0.221893
466.5,0.221893
466.75,0.221893
467,0.221893
467.25,0.221893
467.5,0.221893
467.75,0.221893
468,0.221893
468.25,0.221893
468.5,0.221893
468.75,0.221893
469,0.221893
469.25,0.221893
469.5,0.221893
469.75,0.221893
470,0.221893
470.25,0.221893
470.5,0.221893
470.75,0.221893
471,0.221893
471.25,0.221893
471.5,0.221893
471.75,0.221893
472,0.221893
472.25,0.221893
472.5,0.221893
472.75,0.221893
473,0.221893
473.25,0.221893
473.5,0.221893
473.75,0.221893
474,0.221893
474.25,0.221893
474.5,0.221893
474.75,0.221893
475,0.221893
475.25,0.221893
475.5,0.221893
475.75,0.221893
476,0.221893
476.25,0.221893
476.5,0.221893
476.75,0.221893
477,0.221893
477.25,0.221893
477.5,0.221893
477.75,0.221893
478,0.221893
478.25,0.221893
478.5,0.221893
478.75,0.221893
479,0.221893
479.25,0.221893
479.5,0.221893
479.75,0.221893
480,0.221893
480.25,0.221893
480.5,0.221893
480.75,0.221893
481,0.221893
481.25,0.221893
481.5,0.221893
481.75,0.221893
482,0.221893
482.25,0.221893
482.5,0.221893
482.75,0.221893
483,0.221893
483.25,0.221893
483.5,0.221893
483.75,0.221893
484,0.221893
484.25,0.221893
484.5,0.221893
484.75,0.221893
485,0.221893
485.25,0.221893
485.5,0.221893
485.75,0.221893
486,0.221893
486.25,0.221893
486.5,0.221893
486.75,0.221893
487,0.221893
487.25,0.221893
487.5,0.221893
487.75,0.221893
488,0.221893
488.25,0.221893
488.5,0.221893
488.75,0.221893
489,0.221893
489.25,0.221893
489.5,0.221893
489.75,0.221893
490,0.221893
490.25,0.221893
490.5,0.221893
490.75,0.221893
491,0.221893
491.25,0.221893
491.5,0.221893
491.75,0.221893
492,0.221893
492.25,0.221893
492.5,0.221893
492.75,0.221893
493,0.221893
493.25,0.221893
493.5,0.221893
493.75,0.221893
494,0.221893
494.25,0.221893
494.5,0.221893
494.75,0.221893
495,0.221893
495.25,0.221893
495.5,0.221893
495.75,0.221893
496,0.221893
496.25,0.221893
496.5,0.221893
496.75,0.221893
497,0.221893
497.25,0.221893
497.5,0.221893
497.75,0.221893
498,0.221893
498.25,0.221893
498.5,0.221893
498.75,0.221893
499,0.221893
499.25,0.221893
499.5,0.221893
499.75,0.221893
500,0.221893
500.25,0.221893
500.5,0.221893
500.75,0.221893
501,0.221893
501.25,0.221893
501.5,0.221893
501.75,0.221893
502,0.221893
502.25,0.221893
502.5,0.221893
502.75,0.221893
503,0.221893
503.25,0.221893
503.5,0.221893
503.75,0.221893
504,0.221893
504.25,0.221893
504.5,0.221893
504.75,0.221893
505,0.221893
505.25,0.221893
505.5,0.221893
505.75,0.221893
506,0.221893
506.25,0.221893
506.5,0.221893
506.75,0.221893
507,0.221893
507.25,0.221893
507.5,0.221893
507.75,0.221893
508,0.221893
508.25,0.221893
508.5,0.221893
508.75,0.221893
509,0.221893
509.25,0.221893
509.5,0.221893
509.75,0.221893
510,0.221893
510.25,0.221893
510.5,0.221893
510.75,0.221893
511,0.221893
511.25,0.221893
511.5,0.221893
511.75,0.221893
512,0.221893
512.25,0.221893
512.5,0.221893
512.75,0.221893
513,0.221893
513.25,0.221893
513.5,0.221893
513.75,0.221893
514,0.221893
514.25,0.221893
514.5,0.221893
514.75,0.221893
515,0.221893
515.25,0.221893
515.5,0.221893
515.75,0.221893
516,0.221893
516.25,0.221893
516.5,0.221893
516.75,0.221893
517,0.221893
517.25,0.221893
517.5,0.221893
517.75,0.221893
518,0.221893
518.25,0.221893
518.5,0.221893
518.75,0.221893
519,0.221893
519.25,0.221893
519.5,0.221893
519.75,0.221893
520,0.221893
520.25,0.221893
520.5,0.221893
520.75,0.221893
521,0.221893
521.25,0.221893
521.5,0.221893
521.75,0.221893
522,0.221893
522.25,0.221893
522.5,0.221893
522.75,0.221893
523,0.221893
523.25,0.221893
523.5,0.221893
523.75,0.221893
524,0.221893
524.25,0.221893
524.5,0.221893
524.75,0.221893
525,0.221893
525.25,0.221893
525.5,0.221893
525.75,0.221893
526,0.221893
526.25,0.221893
526.5,0.221893
526.75,0.221893
527,0.221893
527.25,0.221893
527.5,0.221893
527.75,0.221893
528,0.221893
528.25,0.221893
528.5,0.221893
528.75,0.221893
529,0.221893
529.25,0.221893
529.5,0.221893
529.75,0.221893
530,0.221893
530.25,0.221893
530.5,0.221893
530.75,0.221893
531,0.221893
531.25,0.221893
531.5,0.221893
531.75,0.221893
532,0.221893
532.25,0.221893
532.5,0.221893
532.75,0.221893
533,0.221893
533.25,0.221893
533.5,0.221893
533.75,0.221893
534,0.221893
534.25,0.221893
534.5,0.221893
534.75,0.221893
535,0.221893
535.25,0.221893
535.5,0.221893
535.75,0.221893
536,0.221893
536.25,0.221893
536.5,0.221893
536.75,0.221893
537,0.221893
537.25,0.221893
537.5,0.221893
537.75,0.221893
538,0.221893
538.25,0.221893
538.5,0.221893
538.75,0.221893
539,0.221893
539.25,0.221893
539.5,0.221893
539.75,0.221893
540,0.221893
540.25,0.221893
540.5,0.221893
540.75,0.221893
541,0.221893
541.25,0.221893
541.5,0.221893
541.75,0.221893
542,0.221893
542.25,0.221893
542.5,0.221893
542.75,0.221893
543,0.221893
543.25,0.221893
543.5,0.221893
543.75,0.221893
544,0.221893
544.25,0.221893
544.5,0.221893
544.75,0.221893
545,0.221893
545.25,0.221893
545.5,0.221893
545.75,0.221893
546,0.221893
546.25,0.221893
546.5,0.221893
546.75,0.221893
547,0.221893
547.25,0.221893
547.5,0.221893
547.75,0.221893
548,0.221893
548.25,0.221893
548.5,0.221893
548.75,0.221893
549,0.221893
549.25,0.221893
549.5,0.221893
549.75,0.221893
550,0.221893
550.25,0.221893
550.5,0.221893
550.75,0.221893
551,0.221893
551.25,0.221893
551.5,0.221893
551.75,0.221893
552,0.221893
552.25,0.221893
552.5,0.221893
552.75,0.221893
553,0.221893
553.25,0.221893
553.5,0.221893
553.75,0.221893
554,0.221893
554.25,0.221893
554.5,0.221893
554.75,0.221893
555,0.221893
555.25,0.221893
555.5,0.221893
555.75,0.221893
556,0.221893
556.25,0.221893
556.5,0.221893
556.75,0.221893
557,0.221893
557.25,0.221893
557.5,0.221893
557.75,0.221893
558,0.221893
558.25,0.221893
558.5,0.221893
558.75,0.221893
559,0.221893
559.25,0.221893
559.5,0.221893
559.75,0.221893
560,0.221893
560.25,0.221893
560.5,0.221893
560.75,0.221893
561,0.221893
561.25,0.221893
561.5,0.221893
561.75,0.221893
562,0.221893
562.25,0.221893
562.5,0.221893
562.75,0.221893
563,0.221893
563.25,0.221893
563.5,0.221893
563.75,0.221893
564,0.221893
564.25,0.221893
564.5,0.221893
564.75,0.221893
565,0.221893
565.25,0.221893
565.5,0.221893
565.75,0.221893
566,0.221893
566.25,0.221893
566.5,0.221893
566.75,0.221893
567,0.221893
567.25,0.221893
567.5,0.221893
567.75,0.221893
568,0.221893
568.25,0.221893
568.5,0.221893
568.75,0.221893
569,0.221893
569.25,0.221893
569.5,0.221893
569.75,0.221893
570,0.221893
570.25,0.221893
570.5,0.221893
570.75,0.221893
571,0.221893
571.25,0.221893
571.5,0.221893
571.75,0.221893
572,0.221893
572.25,0.221893
572.5,0.221893
572.75,0.221893
573,0.221893
573.25,0.221893
573.5,0.221893
573.75,0.221893
574,0.221893
574.25,0.221893
574.5,0.221893
574.75,0.221893
575,0.221893
575.25,0.221893
575.5,0.221893
575.75,0.221893
576,0.221893
576.25,0.221893
576.5,0.221893
576.75,0.221893
577,0.221893
577.25,0.221893
577.5,0.221893
577.75,0.221893
578,0.221893
578.25,0.221893
578.5,0.221893
578.75,0.221893
579,0.221893
579.25,0.221893
579.5,0.221893
579.75,0.221893
580,0.221893
580.25,0.221893
580.5,0.221893
580.75,0.221893
581,0.221893
581.25,0.221893
581.5,0.221893
581.75,0.221893
582,0.221893
582.25,0.221893
582.5,0.221893
582.75,0.221893
583,0.221893
583.25,0.221893
583.5,0.221893
583.75,0.221893
584,0.221893
584.25,0.221893
584.5,0.221893
584.75,0.221893
585,0.221893
585.25,0.221893
585.5,0.221893
585.75,0.221893
586,0.221893
586.25,0.221893
586.5,0.221893
586.75,0.221893
587,0.221893
587.25,0.221893
587.5,0.221893
587.75,0.221893
588,0.221893
588.25,0.221893
588.5,0.221893
588.75,0.221893
589,0.221893
589.25,0.221893
589.5,0.221893
589.75,0.221893
590,0.221893
590.25,0.221893
590.5,0.221893
590.75,0.221893
591,0.221893
591.25,0.221893
591.5,0.221893
591.75,0.221893
592,0.221893
592.25,0.221893
592.5,0.221893
592.75,0.221893
593,0.221893
593.25,0.221893
593.5,0.221893
593.75,0.221893
594,0.221893
594.25,0.221893
594.5,0.221893
594.75,0.221893
595,0.221893
595.25,0.221893
595.5,0.221893
595.75,0.221893
596,0.221893
596.25,0.221893
596.5,0.221893
596.75,0.221893
597,0.221893
597.25,0.221893
597.5,0.221893
597.75,0.221893
598,0.221893
598.25,0.221893
598.5,0.221893
598.75,0.221893
599,0.221893
599.25,0.221893
599.5,0.221893
599.75,0.221893
600,0.221893
600.25,0.221893
600.5,0.221893
600.75,0.221893
601,0.221893
601.25,0.221893
601.5,0.221893
601.75,0.221893
602,0.221893
602.25,0.221893
602.5,0.221893
602.75,0.221893
603,0.221893
603.25,0.221893
603.5,0.221893
603.75,0.221893
604,0.221893
604.25,0.221893
604.5,0.221893
604.75,0.221893
605,0.221893
605.25,0.221893
605.5,0.221893
605.75,0.221893
606,0.221893
606.25,0.221893
606.5,0.221893
606.75,0.221893
607,0.221893
607.25,0.221893
607.5,0.221893
607.75,0.221893
608,0.221893
608.25,0.221893
608.5,0.221893
608.75,0.221893
609,0.221893
609.25,0.221893
609.5,0.221893
609.75,0.221893
610,0.221893
610.25,0.221893
610.5,0.221893
610.75,0.221893
611,0.221893
611.25,0.221893
611.5,0.221893
611.75,0.221893
612,0.221893
612.25,0.221893
612.5,0.221893
612.75,0.221893
613,0.221893
613.25,0.221893
613.5,0.221893
613.75,0.221893
614,0.221893
614.25,0.221893
614.5,0.221893
614.75,0.221893
615,0.221893
615.25,0.221893
615.5,0.221893
615.75,0.221893
616,0.221893
616.25,0.221893
616.5,0.221893
616.75,0.221893
617,0.221893
617.25,0.221893
617.5,0.221893
617.75,0.221893
618,0.221893
618.25,0.221893
618.5,0.221893
618.75,0.221893
619,0.221893
619.25,0.221893
619.5,0.221893
619.75,0.221893
620,0.221893
620.25,0.221893
620.5,0.221893
620.75,0.221893
621,0.221893
621.25,0.221893
621.5,0.221893
621.75,0.221893
622,0.221893
622.25,0.221893
622.5,0.221893
622.75,0.221893
623,0.221893
623.25,0.221893
623.5,0.221893
623.75,0.221893
624,0.221893
624.25,0.221893
624.5,0.221893
624.75,0.221893
625,0.221893
625.25,0.221893
625.5,0.221893
625.75,0.221893
626,0.221893
626.25,0.221893
626.5,0.221893
626.75,0.221893
627,0.221893
627.25,0.221893
627.5,0.221893
627.75,0.221893
628,0.221893
628.25,0.221893
628.5,0.221893
628.75,0.221893
629,0.221893
629.25,0.221893
629.5,0.221893
629.75,0.221893
630,0.221893
630.25,0.221893
630.5,0.221893
630.75,0.221893
631,0.221893
631.25,0.221893
631.5,0.221893
631.75,0.221893
632,0.221893
632.25,0.221893
632.5,0.221893
632.75,0.221893
633,0.221893
633.25,0.221893
633.5,0.221893
633.75,0.221893
634,0.221893
634.25,0.221893
634.5,0.221893
634.75,0.221893
635,0.221893
635.25,0.221893
635.5,0.221893
635.75,0.221893
636,0.221893
636.25,0.221893
636.5,0.221893
636.75,0.221893
637,0.221893
637.25,0.221893
637.5,0.221893
637.75,0.221893
638,0.221893
638.25,0.221893
638.5,0.221893
638.75,0.221893
639,0.221893
639.25,0.221893
639.5,0.221893
639.75,0.221893
640,0.221893
640.25,0.221893
640.5,0.221893
640.75,0.221893
641,0.221893
641.25,0.221893
641.5,0.221893
641.75,0.221893
642,0.221893
642.25,0.221893
642.5,0.221893
642.75,0.221893
643,0.221893
643.25,0.221893
643.5,0.221893
643.75,0.221893
644,0.221893
644.25,0.221893
644.5,0.221893
644.75,0.221893
645,0.221893
645.25,0.221893
645.5,0.221893
645.75,0.221893
646,0.221893
646.25,0.221893
646.5,0.221893
646.75,0.221893
647,0.221893
647.25,0.221893
647.5,0.221893
647.75,0.221893
648,0.221893
648.25,0.221893
648.5,0.221893
648.75,0.221893
649,0.221893
649.25,0.221893
649.5,0.221893
649.75,0.221893
650,0.221893
650.25,0.221893
650.5,0.221893
650.75,0.221893
651,0.221893
651.25,0.221893
651.5,0.221893
651.75,0.221893
652,0.221893
652.25,0.221893
652.5,0.221893
652.75,0.221893
653,0.221893
653.25,0.221893
653.5,0.221893
653.75,0.221893
654,0.221893
654.25,0.221893
654.5,0.221893
654.75,0.221893
655,0.221893
655.25,0.221893
655.5,0.221893
655.75,0.221893
656,0.221893
656.25,0.221893
656.5,0.221893
656.75,0.221893
657,0.221893
657.25,0.221893
657.5,0.221893
657.75,0.221893
658,0.221893
658.25,0.221893
658.5,0.221893
658.75,0.221893
659,0.221893
659.25,0.221893
659.5,0.221893
659.75,0.221893
660,0.221893
660.25,0.221893
660.5,0.221893
660.75,0.221893
661,0.221893
661.25,0.221893
661.5,0.221893
661.75,0.221893
662,0.221893
662.25,0.221893
662.5,0.221893
662.75,0.221893
663,0.221893
663.25,0.221893
663.5,0.221893
663.75,0.221893
664,0.221893
664.25,0.221893
664.5,0.221893
664.75,0.221893
665,0.221893
665.25,0.221893
665.5,0.221893
665.75,0.221893
666,0.221893
666.25,0.221893
666.5,0.221893
666.75,0.221893
667,0.221893
667.25,0.221893
667.5,0.221893
667.75,0.221893
668,0.221893
668.25,0.221893
668.5,0.221893
668.75,0.221893
669,0.221893
669.25,0.221893
669.5,0.221893
669.75,0.221893
670,0.221893
670.25,0.221893
670.5,0.221893
670.75,0.221893
671,0.221893
671.25,0.221893
671.5,0.221893
671.75,0.221893
672,0.221893
672.25,0.221893
672.5,0.221893
672.75,0.221893
673,0.221893
673.25,0.221893
673.5,0.221893
673.75,0.221893
674,0.221893
674.25,0.221893
674.5,0.221893
674.75,0.221893
675,0.221893
675.25,0.221893
675.5,0.221893
675.75,0.221893
676,0.221893
676.25,0.221893
676.5,0.221893
676.75,0.221893
677,0.221893
677.25,0.221893
677.5,0.221893
677.75,0.221893
678,0.221893
678.25,0.221893
678.5,0.221893
678.75,0.221893
679,0.221893
679.25,0.221893
679.5,0.221893
679.75,0.221893
680,0.221893
680.25,0.221893
680.5,0.221893
680.75,0.221893
681,0.221893
681.25,0.221893
681.5,0.221893
681.75,0.221893
682,0.221893
682.25,0.221893
682.5,0.221893
682.75,0.221893
683,0.221893
683.25,0.221893
683.5,0.221893
683.75,0.221893
684,0.221893
684.25,0.221893
684.5,0.221893
684.75,0.221893
685,0.221893
685.25,0.221893
685.5,0.221893
685.75,0.221893
686,0.221893
686.25,0.221893
686.5,0.221893
686.75,0.221893
687,0.221893
687.25,0.221893
687.5,0.221893
687.75,0.221893
688,0.221893
688.25,0.221893
688.5,0.221893
688.75,0.221893
689,0.221893
689.25,0.221893
689.5,0.221893
689.75,0.221893
690,0.221893
690.25,0.221893
690.5,0.221893
690.75,0.221893
691,0.221893
691.25,0.221893
691.5,0.221893
691.75,0.221893
692,0.221893
692.25,0.221893
692.5,0.221893
692.75,0.221893
693,0.221893
693.25,0.221893
693.5,0.221893
693.75,0.221893
694,0.221893
694.25,0.221893
694.5,0.221893
694.75,0.221893
695,0.221893
695.25,0.221893
695.5,0.221893
695.75,0.221893
696,0.221893
696.25,0.221893
696.5,0.221893
696.75,0.221893
697,0.221893
697.25,0.221893
697.5,0.221893
697.75,0.221893
698,0.221893
698.25,0.221893
698.5,0.221893
698.75,0.221893
699,0.221893
699.25,0.221893
699.5,0.221893
699.75,0.221893
