Time,cumulative_mean_fraction_lambda_C
0,0
0.25,0
0.5,0
0.75,4.56284e-05
1,0.0769582
1.25,0.0660256
1.5,0.104464
1.75,0.145574
2,0.134688
2.25,0.134443
2.5,0.119412
2.75,0.118595
3,0.123487
3.25,0.124818
3.5,0.130693
3.75,0.144732
4,0.146413
4.25,0.158611
4.5,0.158255
4.75,0.160131
5,0.160546
5.25,0.159755
5.5,0.158881
5.75,0.159469
6,0.159293
6.25,0.165144
6.5,0.16305
6.75,0.170899
7,0.170217
7.25,0.171067
7.5,0.17185
7.75,0.172245
8,0.174695
8.25,0.174692
8.5,0.175053
8.75,0.177707
9,0.17915
9.25,0.179982
9.5,0.185458
9.75,0.188262
10,0.189903
10.25,0.190675
10.5,0.191054
10.75,0.189728
11,0.194842
11.25,0.194007
11.5,0.195763
11.75,0.196131
12,0.1972
12.25,0.199765
12.5,0.19764
12.75,0.199208
13,0.199069
13.25,0.200786
13.5,0.200655
13.75,0.199813
14,0.202625
14.25,0.205069
14.5,0.206
14.75,0.207683
15,0.209083
15.25,0.208212
15.5,0.209127
15.75,0.210015
16,0.212212
16.25,0.212539
16.5,0.213449
16.75,0.213409
17,0.214253
17.25,0.214834
17.5,0.21676
17.75,0.217733
18,0.217925
18.25,0.216213
18.5,0.215222
18.75,0.215651
19,0.215317
19.25,0.214837
19.5,0.21321
19.75,0.213533
20,0.214272
20.25,0.2136
20.5,0.213105
20.75,0.212622
21,0.211869
21.25,0.212162
21.5,0.212427
21.75,0.212583
22,0.213077
22.25,0.213411
22.5,0.214
22.75,0.213791
23,0.214272
23.25,0.216032
23.5,0.216075
23.75,0.216474
24,0.216582
24.25,0.216574
24.5,0.216936
24.75,0.217099
25,0.21773
25.25,0.217956
25.5,0.218466
25.75,0.218957
26,0.219394
26.25,0.219231
26.5,0.218602
26.75,0.21853
27,0.218762
27.25,0.218952
27.5,0.219043
27.75,0.219542
28,0.219983
28.25,0.220438
28.5,0.220365
28.75,0.220822
29,0.220721
29.25,0.220782
29.5,0.221117
29.75,0.221389
30,0.22143
30.25,0.222295
30.5,0.222735
30.75,0.223056
31,0.223309
31.25,0.223478
31.5,0.22364
31.75,0.224143
32,0.224134
32.25,0.224264
32.5,0.224309
32.75,0.224472
33,0.224669
33.25,0.224735
33.5,0.224786
33.75,0.224584
34,0.224822
34.25,0.225291
34.5,0.225498
34.75,0.22567
35,0.225818
35.25,0.226191
35.5,0.226539
35.75,0.227105
36,0.227333
36.25,0.227653
36.5,0.227619
36.75,0.227869
37,0.228118
37.25,0.228394
37.5,0.228465
37.75,0.228646
38,0.228915
38.25,0.229096
38.5,0.229418
38.75,0.229599
39,0.229917
39.25,0.230073
39.5,0.230408
39.75,0.230641
40,0.230954
40.25,0.23111
40.5,0.231407
40.75,0.231573
41,0.231825
41.25,0.232015
41.5,0.232179
41.75,0.232362
42,0.232544
42.25,0.232803
42.5,0.233071
42.75,0.233465
43,0.233664
43.25,0.233891
43.5,0.234195
43.75,0.234502
44,0.234812
44.25,0.235145
44.5,0.235446
44.75,0.235859
45,0.236161
45.25,0.236545
45.5,0.236937
45.75,0.237329
46,0.237704
46.25,0.238152
46.5,0.238594
46.75,0.239098
47,0.239536
47.25,0.239974
47.5,0.240354
47.75,0.240777
48,0.241159
48.25,0.241592
48.5,0.242009
48.75,0.242432
49,0.242854
49.25,0.243278
49.5,0.243712
49.75,0.244156
50,0.244499
50.25,0.24483
50.5,0.245147
50.75,0.245525
51,0.245886
51.25,0.246267
51.5,0.246593
51.75,0.246926
52,0.247235
52.25,0.247567
52.5,0.247863
52.75,0.248168
53,0.248472
53.25,0.24874
53.5,0.249053
53.75,0.249324
54,0.249588
54.25,0.24986
54.5,0.250131
54.75,0.250384
55,0.250627
55.25,0.250872
55.5,0.251082
55.75,0.25131
56,0.251538
56.25,0.251763
56.5,0.251974
56.75,0.252133
57,0.252307
57.25,0.252474
57.5,0.252646
57.75,0.252812
58,0.252962
58.25,0.253125
58.5,0.253279
58.75,0.253427
59,0.253565
59.25,0.253705
59.5,0.25385
59.75,0.253968
60,0.254095
60.25,0.254229
60.5,0.254338
60.75,0.254428
61,0.254527
61.25,0.254651
61.5,0.254745
61.75,0.254854
62,0.254946
62.25,0.255038
62.5,0.255117
62.75,0.255224
63,0.255321
63.25,0.255412
63.5,0.255487
63.75,0.255569
64,0.255641
64.25,0.255702
64.5,0.255775
64.75,0.255833
65,0.255899
65.25,0.255962
65.5,0.256018
65.75,0.256072
66,0.25612
66.25,0.256159
66.5,0.256206
66.75,0.25624
67,0.256282
67.25,0.256334
67.5,0.256371
67.75,0.256412
68,0.256445
68.25,0.256471
68.5,0.256502
68.75,0.256543
69,0.256576
69.25,0.256592
69.5,0.256615
69.75,0.256644
70,0.256673
70.25,0.256705
70.5,0.256734
70.75,0.256761
71,0.256788
71.25,0.256808
71.5,0.256841
71.75,0.25686
72,0.256878
72.25,0.256893
72.5,0.256919
72.75,0.256948
73,0.256972
73.25,0.256988
73.5,0.257005
73.75,0.257018
74,0.257031
74.25,0.257046
74.5,0.257059
74.75,0.257069
75,0.257086
75.25,0.257101
75.5,0.257115
75.75,0.257133
76,0.257144
76.25,0.257153
76.5,0.257169
76.75,0.25718
77,0.257189
77.25,0.257199
77.5,0.257212
77.75,0.25722
78,0.25723
78.25,0.257238
78.5,0.257248
78.75,0.257261
79,0.257271
79.25,0.257281
79.5,0.257287
79.75,0.257296
80,0.257299
80.25,0.257305
80.5,0.257309
80.75,0.257315
81,0.257322
81.25,0.25733
81.5,0.25733
81.75,0.257333
82,0.257335
82.25,0.257336
82.5,0.257342
82.75,0.257345
83,0.257347
83.25,0.257351
83.5,0.257354
83.75,0.257355
84,0.257359
84.25,0.257362
84.5,0.257366
84.75,0.257368
85,0.257372
85.25,0.257372
85.5,0.257372
85.75,0.257377
86,0.25738
86.25,0.257383
86.5,0.257384
86.75,0.257384
87,0.257387
87.25,0.257389
87.5,0.257389
87.75,0.25739
88,0.257392
88.25,0.257398
88.5,0.257399
88.75,0.257401
89,0.257401
89.25,0.257403
89.5,0.257402
89.75,0.257402
90,0.257404
90.25,0.257409
90.5,0.257411
90.75,0.257413
91,0.257412
91.25,0.257415
91.5,0.257415
91.75,0.257417
92,0.257419
92.25,0.257419
92.5,0.257418
92.75,0.257419
93,0.25742
93.25,0.25742
93.5,0.257422
93.75,0.257422
94,0.257422
94.25,0.257423
94.5,0.257424
94.75,0.257424
95,0.257424
95.25,0.257426
95.5,0.257427
95.75,0.257427
96,0.257427
96.25,0.257427
96.5,0.257427
96.75,0.257427
97,0.257428
97.25,0.257428
97.5,0.257429
97.75,0.25743
98,0.257431
98.25,0.257432
98.5,0.257431
98.75,0.257432
99,0.257432
99.25,0.257432
99.5,0.257432
99.75,0.257432
100,0.257432
100.25,0.257432
100.5,0.257432
100.75,0.257432
101,0.257432
101.25,0.257433
101.5,0.257433
101.75,0.257432
102,0.257432
102.25,0.257432
102.5,0.257433
102.75,0.257433
103,0.257433
103.25,0.257433
103.5,0.257433
103.75,0.257433
104,0.257433
104.25,0.257432
104.5,0.257433
104.75,0.257433
105,0.257433
105.25,0.257433
105.5,0.257433
105.75,0.257433
106,0.257433
106.25,0.257433
106.5,0.257433
106.75,0.257433
107,0.257433
107.25,0.257433
107.5,0.257433
107.75,0.257433
108,0.257433
108.25,0.257433
108.5,0.257433
108.75,0.257433
109,0.257433
109.25,0.257433
109.5,0.257433
109.75,0.257433
110,0.257433
110.25,0.257433
110.5,0.257433
110.75,0.257433
111,0.257433
111.25,0.257433
111.5,0.257433
111.75,0.257434
112,0.257434
112.25,0.257434
112.5,0.257435
112.75,0.257435
113,0.257435
113.25,0.257435
113.5,0.257435
113.75,0.257435
114,0.257435
114.25,0.257435
114.5,0.257435
114.75,0.257435
115,0.257435
115.25,0.257435
115.5,0.257435
115.75,0.257435
116,0.257435
116.25,0.257435
116.5,0.257435
116.75,0.257435
117,0.257435
117.25,0.257435
117.5,0.257435
117.75,0.257435
118,0.257435
118.25,0.257435
118.5,0.257435
118.75,0.257435
119,0.257435
119.25,0.257435
119.5,0.257435
119.75,0.257435
120,0.257435
120.25,0.257435
120.5,0.257435
120.75,0.257435
121,0.257435
121.25,0.257435
121.5,0.257435
121.75,0.257435
122,0.257435
122.25,0.257435
122.5,0.257435
122.75,0.257435
123,0.257435
123.25,0.257435
123.5,0.257435
123.75,0.257435
124,0.257435
124.25,0.257435
124.5,0.257435
124.75,0.257435
125,0.257435
125.25,0.257435
125.5,0.257435
125.75,0.257435
126,0.257435
126.25,0.257435
126.5,0.257435
126.75,0.257435
127,0.257434
127.25,0.257434
127.5,0.257434
127.75,0.257434
128,0.257434
128.25,0.257434
128.5,0.257434
128.75,0.257434
129,0.257434
129.25,0.257434
129.5,0.257434
129.75,0.257434
130,0.257434
130.25,0.257434
130.5,0.257434
130.75,0.257434
131,0.257434
131.25,0.257434
131.5,0.257434
131.75,0.257434
132,0.257434
132.25,0.257434
132.5,0.257434
132.75,0.257434
133,0.257434
133.25,0.257434
133.5,0.257434
133.75,0.257434
134,0.257434
134.25,0.257434
134.5,0.257434
134.75,0.257434
135,0.257434
135.25,0.257434
135.5,0.257434
135.75,0.257434
136,0.257434
136.25,0.257434
136.5,0.257434
136.75,0.257434
137,0.257434
137.25,0.257434
137.5,0.257434
137.75,0.257434
138,0.257434
138.25,0.257434
138.5,0.257434
138.75,0.257434
139,0.257434
139.25,0.257434
139.5,0.257434
139.75,0.257434
140,0.257434
140.25,0.257434
140.5,0.257434
140.75,0.257434
141,0.257434
141.25,0.257434
141.5,0.257434
141.75,0.257434
142,0.257434
142.25,0.257434
142.5,0.257434
142.75,0.257434
143,0.257434
143.25,0.257434
143.5,0.257434
143.75,0.257434
144,0.257434
144.25,0.257434
144.5,0.257434
144.75,0.257434
145,0.257434
145.25,0.257434
145.5,0.257434
145.75,0.257434
146,0.257434
146.25,0.257434
146.5,0.257434
146.75,0.257434
147,0.257434
147.25,0.257434
147.5,0.257434
147.75,0.257434
148,0.257434
148.25,0.257434
148.5,0.257434
148.75,0.257434
149,0.257434
149.25,0.257434
149.5,0.257434
149.75,0.257434
150,0.257434
150.25,0.257434
150.5,0.257434
150.75,0.257434
151,0.257434
151.25,0.257434
151.5,0.257434
151.75,0.257434
152,0.257434
152.25,0.257434
152.5,0.257434
152.75,0.257434
153,0.257434
153.25,0.257434
153.5,0.257434
153.75,0.257434
154,0.257434
154.25,0.257434
154.5,0.257434
154.75,0.257434
155,0.257434
155.25,0.257434
155.5,0.257434
155.75,0.257434
156,0.257434
156.25,0.257434
156.5,0.257434
156.75,0.257434
157,0.257434
157.25,0.257434
157.5,0.257434
157.75,0.257434
158,0.257434
158.25,0.257434
158.5,0.257434
158.75,0.257434
159,0.257434
159.25,0.257434
159.5,0.257434
159.75,0.257434
160,0.257434
160.25,0.257434
160.5,0.257434
160.75,0.257434
161,0.257434
161.25,0.257434
161.5,0.257434
161.75,0.257434
162,0.257434
162.25,0.257434
162.5,0.257434
162.75,0.257434
163,0.257434
163.25,0.257434
163.5,0.257434
163.75,0.257434
164,0.257434
164.25,0.257434
164.5,0.257434
164.75,0.257434
165,0.257434
165.25,0.257434
165.5,0.257434
165.75,0.257434
166,0.257434
166.25,0.257434
166.5,0.257434
166.75,0.257434
167,0.257434
167.25,0.257434
167.5,0.257434
167.75,0.257434
168,0.257434
168.25,0.257434
168.5,0.257434
168.75,0.257434
169,0.257434
169.25,0.257434
169.5,0.257434
169.75,0.257434
170,0.257434
170.25,0.257434
170.5,0.257434
170.75,0.257434
171,0.257434
171.25,0.257434
171.5,0.257434
171.75,0.257434
172,0.257434
172.25,0.257434
172.5,0.257434
172.75,0.257434
173,0.257434
173.25,0.257434
173.5,0.257434
173.75,0.257434
174,0.257434
174.25,0.257434
174.5,0.257434
174.75,0.257434
175,0.257434
175.25,0.257434
175.5,0.257434
175.75,0.257434
176,0.257434
176.25,0.257434
176.5,0.257434
176.75,0.257434
177,0.257434
177.25,0.257434
177.5,0.257434
177.75,0.257434
178,0.257434
178.25,0.257434
178.5,0.257434
178.75,0.257434
179,0.257434
179.25,0.257434
179.5,0.257434
179.75,0.257434
180,0.257434
180.25,0.257434
180.5,0.257434
180.75,0.257434
181,0.257434
181.25,0.257434
181.5,0.257434
181.75,0.257434
182,0.257434
182.25,0.257434
182.5,0.257434
182.75,0.257434
183,0.257434
183.25,0.257434
183.5,0.257434
183.75,0.257434
184,0.257434
184.25,0.257434
184.5,0.257434
184.75,0.257434
185,0.257434
185.25,0.257434
185.5,0.257434
185.75,0.257434
186,0.257434
186.25,0.257434
186.5,0.257434
186.75,0.257434
187,0.257434
187.25,0.257434
187.5,0.257434
187.75,0.257434
188,0.257434
188.25,0.257434
188.5,0.257434
188.75,0.257434
189,0.257434
189.25,0.257434
189.5,0.257434
189.75,0.257434
190,0.257434
190.25,0.257434
190.5,0.257434
190.75,0.257434
191,0.257434
191.25,0.257434
191.5,0.257434
191.75,0.257434
192,0.257434
192.25,0.257434
192.5,0.257434
192.75,0.257434
193,0.257434
193.25,0.257434
193.5,0.257434
193.75,0.257434
194,0.257434
194.25,0.257434
194.5,0.257434
194.75,0.257434
195,0.257434
195.25,0.257434
195.5,0.257434
195.75,0.257434
196,0.257434
196.25,0.257434
196.5,0.257434
196.75,0.257434
197,0.257434
197.25,0.257434
197.5,0.257434
197.75,0.257434
198,0.257434
198.25,0.257434
198.5,0.257434
198.75,0.257434
199,0.257434
199.25,0.257434
199.5,0.257434
199.75,0.257434
200,0.257434
200.25,0.257434
200.5,0.257434
200.75,0.257434
201,0.257434
201.25,0.257434
201.5,0.257434
201.75,0.257434
202,0.257434
202.25,0.257434
202.5,0.257434
202.75,0.257434
203,0.257434
203.25,0.257434
203.5,0.257434
203.75,0.257434
204,0.257434
204.25,0.257434
204.5,0.257434
204.75,0.257434
205,0.257434
205.25,0.257434
205.5,0.257434
205.75,0.257434
206,0.257434
206.25,0.257434
206.5,0.257434
206.75,0.257434
207,0.257434
207.25,0.257434
207.5,0.257434
207.75,0.257434
208,0.257434
208.25,0.257434
208.5,0.257434
208.75,0.257434
209,0.257434
209.25,0.257434
209.5,0.257434
209.75,0.257434
210,0.257434
210.25,0.257434
210.5,0.257434
210.75,0.257434
211,0.257434
211.25,0.257434
211.5,0.257434
211.75,0.257434
212,0.257434
212.25,0.257434
212.5,0.257434
212.75,0.257434
213,0.257434
213.25,0.257434
213.5,0.257434
213.75,0.257434
214,0.257434
214.25,0.257434
214.5,0.257434
214.75,0.257434
215,0.257434
215.25,0.257434
215.5,0.257434
215.75,0.257434
216,0.257434
216.25,0.257434
216.5,0.257434
216.75,0.257434
217,0.257434
217.25,0.257434
217.5,0.257434
217.75,0.257434
218,0.257434
218.25,0.257434
218.5,0.257434
218.75,0.257434
219,0.257434
219.25,0.257434
219.5,0.257434
219.75,0.257434
220,0.257434
220.25,0.257434
220.5,0.257434
220.75,0.257434
221,0.257434
221.25,0.257434
221.5,0.257434
221.75,0.257434
222,0.257434
222.25,0.257434
222.5,0.257434
222.75,0.257434
223,0.257434
223.25,0.257434
223.5,0.257434
223.75,0.257434
224,0.257434
224.25,0.257434
224.5,0.257434
224.75,0.257434
225,0.257434
225.25,0.257434
225.5,0.257434
225.75,0.257434
226,0.257434
226.25,0.257434
226.5,0.257434
226.75,0.257434
227,0.257434
227.25,0.257434
227.5,0.257434
227.75,0.257434
228,0.257434
228.25,0.257434
228.5,0.257434
228.75,0.257434
229,0.257434
229.25,0.257434
229.5,0.257434
229.75,0.257434
230,0.257434
230.25,0.257434
230.5,0.257434
230.75,0.257434
231,0.257434
231.25,0.257434
231.5,0.257434
231.75,0.257434
232,0.257434
232.25,0.257434
232.5,0.257434
232.75,0.257434
233,0.257434
233.25,0.257434
233.5,0.257434
233.75,0.257434
234,0.257434
234.25,0.257434
234.5,0.257434
234.75,0.257434
235,0.257434
235.25,0.257434
235.5,0.257434
235.75,0.257434
236,0.257434
236.25,0.257434
236.5,0.257434
236.75,0.257434
237,0.257434
237.25,0.257434
237.5,0.257434
237.75,0.257434
238,0.257434
238.25,0.257434
238.5,0.257434
238.75,0.257434
239,0.257434
239.25,0.257434
239.5,0.257434
239.75,0.257434
240,0.257434
240.25,0.257434
240.5,0.257434
240.75,0.257434
241,0.257434
241.25,0.257434
241.5,0.257434
241.75,0.257434
242,0.257434
242.25,0.257434
242.5,0.257434
242.75,0.257434
243,0.257434
243.25,0.257434
243.5,0.257434
243.75,0.257434
244,0.257434
244.25,0.257434
244.5,0.257434
244.75,0.257434
245,0.257434
245.25,0.257434
245.5,0.257434
245.75,0.257434
246,0.257434
246.25,0.257434
246.5,0.257434
246.75,0.257434
247,0.257434
247.25,0.257434
247.5,0.257434
247.75,0.257434
248,0.257434
248.25,0.257434
248.5,0.257434
248.75,0.257434
249,0.257434
249.25,0.257434
249.5,0.257434
249.75,0.257434
250,0.257434
250.25,0.257434
250.5,0.257434
250.75,0.257434
251,0.257434
251.25,0.257434
251.5,0.257434
251.75,0.257434
252,0.257434
252.25,0.257434
252.5,0.257434
252.75,0.257434
253,0.257434
253.25,0.257434
253.5,0.257434
253.75,0.257434
254,0.257434
254.25,0.257434
254.5,0.257434
254.75,0.257434
255,0.257434
255.25,0.257434
255.5,0.257434
255.75,0.257434
256,0.257434
256.25,0.257434
256.5,0.257434
256.75,0.257434
257,0.257434
257.25,0.257434
257.5,0.257434
257.75,0.257434
258,0.257434
258.25,0.257434
258.5,0.257434
258.75,0.257434
259,0.257434
259.25,0.257434
259.5,0.257434
259.75,0.257434
260,0.257434
260.25,0.257434
260.5,0.257434
260.75,0.257434
261,0.257434
261.25,0.257434
261.5,0.257434
261.75,0.257434
262,0.257434
262.25,0.257434
262.5,0.257434
262.75,0.257434
263,0.257434
263.25,0.257434
263.5,0.257434
263.75,0.257434
264,0.257434
264.25,0.257434
264.5,0.257434
264.75,0.257434
265,0.257434
265.25,0.257434
265.5,0.257434
265.75,0.257434
266,0.257434
266.25,0.257434
266.5,0.257434
266.75,0.257434
267,0.257434
267.25,0.257434
267.5,0.257434
267.75,0.257434
268,0.257434
268.25,0.257434
268.5,0.257434
268.75,0.257434
269,0.257434
269.25,0.257434
269.5,0.257434
269.75,0.257434
270,0.257434
270.25,0.257434
270.5,0.257434
270.75,0.257434
271,0.257434
271.25,0.257434
271.5,0.257434
271.75,0.257434
272,0.257434
272.25,0.257434
272.5,0.257434
272.75,0.257434
273,0.257434
273.25,0.257434
273.5,0.257434
273.75,0.257434
274,0.257434
274.25,0.257434
274.5,0.257434
274.75,0.257434
275,0.257434
275.25,0.257434
275.5,0.257434
275.75,0.257434
276,0.257434
276.25,0.257434
276.5,0.257434
276.75,0.257434
277,0.257434
277.25,0.257434
277.5,0.257434
277.75,0.257434
278,0.257434
278.25,0.257434
278.5,0.257434
278.75,0.257434
279,0.257434
279.25,0.257434
279.5,0.257434
279.75,0.257434
280,0.257434
280.25,0.257434
280.5,0.257434
280.75,0.257434
281,0.257434
281.25,0.257434
281.5,0.257434
281.75,0.257434
282,0.257434
282.25,0.257434
282.5,0.257434
282.75,0.257434
283,0.257434
283.25,0.257434
283.5,0.257434
283.75,0.257434
284,0.257434
284.25,0.257434
284.5,0.257434
284.75,0.257434
285,0.257434
285.25,0.257434
285.5,0.257434
285.75,0.257434
286,0.257434
286.25,0.257434
286.5,0.257434
286.75,0.257434
287,0.257434
287.25,0.257434
287.5,0.257434
287.75,0.257434
288,0.257434
288.25,0.257434
288.5,0.257434
288.75,0.257434
289,0.257434
289.25,0.257434
289.5,0.257434
289.75,0.257434
290,0.257434
290.25,0.257434
290.5,0.257434
290.75,0.257434
291,0.257434
291.25,0.257434
291.5,0.257434
291.75,0.257434
292,0.257434
292.25,0.257434
292.5,0.257434
292.75,0.257434
293,0.257434
293.25,0.257434
293.5,0.257434
293.75,0.257434
294,0.257434
294.25,0.257434
294.5,0.257434
294.75,0.257434
295,0.257434
295.25,0.257434
295.5,0.257434
295.75,0.257434
296,0.257434
296.25,0.257434
296.5,0.257434
296.75,0.257434
297,0.257434
297.25,0.257434
297.5,0.257434
297.75,0.257434
298,0.257434
298.25,0.257434
298.5,0.257434
298.75,0.257434
299,0.257434
299.25,0.257434
299.5,0.257434
299.75,0.257434
300,0.257434
300.25,0.257434
300.5,0.257434
300.75,0.257434
301,0.257434
301.25,0.257434
301.5,0.257434
301.75,0.257434
302,0.257434
302.25,0.257434
302.5,0.257434
302.75,0.257434
303,0.257434
303.25,0.257434
303.5,0.257434
303.75,0.257434
304,0.257434
304.25,0.257434
304.5,0.257434
304.75,0.257434
305,0.257434
305.25,0.257434
305.5,0.257434
305.75,0.257434
306,0.257434
306.25,0.257434
306.5,0.257434
306.75,0.257434
307,0.257434
307.25,0.257434
307.5,0.257434
307.75,0.257434
308,0.257434
308.25,0.257434
308.5,0.257434
308.75,0.257434
309,0.257434
309.25,0.257434
309.5,0.257434
309.75,0.257434
310,0.257434
310.25,0.257434
310.5,0.257434
310.75,0.257434
311,0.257434
311.25,0.257434
311.5,0.257434
311.75,0.257434
312,0.257434
312.25,0.257434
312.5,0.257434
312.75,0.257434
313,0.257434
313.25,0.257434
313.5,0.257434
313.75,0.257434
314,0.257434
314.25,0.257434
314.5,0.257434
314.75,0.257434
315,0.257434
315.25,0.257434
315.5,0.257434
315.75,0.257434
316,0.257434
316.25,0.257434
316.5,0.257434
316.75,0.257434
317,0.257434
317.25,0.257434
317.5,0.257434
317.75,0.257434
318,0.257434
318.25,0.257434
318.5,0.257434
318.75,0.257434
319,0.257434
319.25,0.257434
319.5,0.257434
319.75,0.257434
320,0.257434
320.25,0.257434
320.5,0.257434
320.75,0.257434
321,0.257434
321.25,0.257434
321.5,0.257434
321.75,0.257434
322,0.257434
322.25,0.257434
322.5,0.257434
322.75,0.257434
323,0.257434
323.25,0.257434
323.5,0.257434
323.75,0.257434
324,0.257434
324.25,0.257434
324.5,0.257434
324.75,0.257434
325,0.257434
325.25,0.257434
325.5,0.257434
325.75,0.257434
326,0.257434
326.25,0.257434
326.5,0.257434
326.75,0.257434
327,0.257434
327.25,0.257434
327.5,0.257434
327.75,0.257434
328,0.257434
328.25,0.257434
328.5,0.257434
328.75,0.257434
329,0.257434
329.25,0.257434
329.5,0.257434
329.75,0.257434
330,0.257434
330.25,0.257434
330.5,0.257434
330.75,0.257434
331,0.257434
331.25,0.257434
331.5,0.257434
331.75,0.257434
332,0.257434
332.25,0.257434
332.5,0.257434
332.75,0.257434
333,0.257434
333.25,0.257434
333.5,0.257434
333.75,0.257434
334,0.257434
334.25,0.257434
334.5,0.257434
334.75,0.257434
335,0.257434
335.25,0.257434
335.5,0.257434
335.75,0.257434
336,0.257434
336.25,0.257434
336.5,0.257434
336.75,0.257434
337,0.257434
337.25,0.257434
337.5,0.257434
337.75,0.257434
338,0.257434
338.25,0.257434
338.5,0.257434
338.75,0.257434
339,0.257434
339.25,0.257434
339.5,0.257434
339.75,0.257434
340,0.257434
340.25,0.257434
340.5,0.257434
340.75,0.257434
341,0.257434
341.25,0.257434
341.5,0.257434
341.75,0.257434
342,0.257434
342.25,0.257434
342.5,0.257434
342.75,0.257434
343,0.257434
343.25,0.257434
343.5,0.257434
343.75,0.257434
344,0.257434
344.25,0.257434
344.5,0.257434
344.75,0.257434
345,0.257434
345.25,0.257434
345.5,0.257434
345.75,0.257434
346,0.257434
346.25,0.257434
346.5,0.257434
346.75,0.257434
347,0.257434
347.25,0.257434
347.5,0.257434
347.75,0.257434
348,0.257434
348.25,0.257434
348.5,0.257434
348.75,0.257434
349,0.257434
349.25,0.257434
349.5,0.257434
349.75,0.257434
350,0.257434
350.25,0.257434
350.5,0.257434
350.75,0.257434
351,0.257434
351.25,0.257434
351.5,0.257434
351.75,0.257434
352,0.257434
352.25,0.257434
352.5,0.257434
352.75,0.257434
353,0.257434
353.25,0.257434
353.5,0.257434
353.75,0.257434
354,0.257434
354.25,0.257434
354.5,0.257434
354.75,0.257434
355,0.257434
355.25,0.257434
355.5,0.257434
355.75,0.257434
356,0.257434
356.25,0.257434
356.5,0.257434
356.75,0.257434
357,0.257434
357.25,0.257434
357.5,0.257434
357.75,0.257434
358,0.257434
358.25,0.257434
358.5,0.257434
358.75,0.257434
359,0.257434
359.25,0.257434
359.5,0.257434
359.75,0.257434
360,0.257434
360.25,0.257434
360.5,0.257434
360.75,0.257434
361,0.257434
361.25,0.257434
361.5,0.257434
361.75,0.257434
362,0.257434
362.25,0.257434
362.5,0.257434
362.75,0.257434
363,0.257434
363.25,0.257434
363.5,0.257434
363.75,0.257434
364,0.257434
364.25,0.257434
364.5,0.257434
364.75,0.257434
365,0.257434
365.25,0.257434
365.5,0.257434
365.75,0.257434
366,0.257434
366.25,0.257434
366.5,0.257434
366.75,0.257434
367,0.257434
367.25,0.257434
367.5,0.257434
367.75,0.257434
368,0.257434
368.25,0.257434
368.5,0.257434
368.75,0.257434
369,0.257434
369.25,0.257434
369.5,0.257434
369.75,0.257434
370,0.257434
370.25,0.257434
370.5,0.257434
370.75,0.257434
371,0.257434
371.25,0.257434
371.5,0.257434
371.75,0.257434
372,0.257434
372.25,0.257434
372.5,0.257434
372.75,0.257434
373,0.257434
373.25,0.257434
373.5,0.257434
373.75,0.257434
374,0.257434
374.25,0.257434
374.5,0.257434
374.75,0.257434
375,0.257434
375.25,0.257434
375.5,0.257434
375.75,0.257434
376,0.257434
376.25,0.257434
376.5,0.257434
376.75,0.257434
377,0.257434
377.25,0.257434
377.5,0.257434
377.75,0.257434
378,0.257434
378.25,0.257434
378.5,0.257434
378.75,0.257434
379,0.257434
379.25,0.257434
379.5,0.257434
379.75,0.257434
380,0.257434
380.25,0.257434
380.5,0.257434
380.75,0.257434
381,0.257434
381.25,0.257434
381.5,0.257434
381.75,0.257434
382,0.257434
382.25,0.257434
382.5,0.257434
382.75,0.257434
383,0.257434
383.25,0.257434
383.5,0.257434
383.75,0.257434
384,0.257434
384.25,0.257434
384.5,0.257434
384.75,0.257434
385,0.257434
385.25,0.257434
385.5,0.257434
385.75,0.257434
386,0.257434
386.25,0.257434
386.5,0.257434
386.75,0.257434
387,0.257434
387.25,0.257434
387.5,0.257434
387.75,0.257434
388,0.257434
388.25,0.257434
388.5,0.257434
388.75,0.257434
389,0.257434
389.25,0.257434
389.5,0.257434
389.75,0.257434
390,0.257434
390.25,0.257434
390.5,0.257434
390.75,0.257434
391,0.257434
391.25,0.257434
391.5,0.257434
391.75,0.257434
392,0.257434
392.25,0.257434
392.5,0.257434
392.75,0.257434
393,0.257434
393.25,0.257434
393.5,0.257434
393.75,0.257434
394,0.257434
394.25,0.257434
394.5,0.257434
394.75,0.257434
395,0.257434
395.25,0.257434
395.5,0.257434
395.75,0.257434
396,0.257434
396.25,0.257434
396.5,0.257434
396.75,0.257434
397,0.257434
397.25,0.257434
397.5,0.257434
397.75,0.257434
398,0.257434
398.25,0.257434
398.5,0.257434
398.75,0.257434
399,0.257434
399.25,0.257434
399.5,0.257434
399.75,0.257434
400,0.257434
400.25,0.257434
400.5,0.257434
400.75,0.257434
401,0.257434
401.25,0.257434
401.5,0.257434
401.75,0.257434
402,0.257434
402.25,0.257434
402.5,0.257434
402.75,0.257434
403,0.257434
403.25,0.257434
403.5,0.257434
403.75,0.257434
404,0.257434
404.25,0.257434
404.5,0.257434
404.75,0.257434
405,0.257434
405.25,0.257434
405.5,0.257434
405.75,0.257434
406,0.257434
406.25,0.257434
406.5,0.257434
406.75,0.257434
407,0.257434
407.25,0.257434
407.5,0.257434
407.75,0.257434
408,0.257434
408.25,0.257434
408.5,0.257434
408.75,0.257434
409,0.257434
409.25,0.257434
409.5,0.257434
409.75,0.257434
410,0.257434
410.25,0.257434
410.5,0.257434
410.75,0.257434
411,0.257434
411.25,0.257434
411.5,0.257434
411.75,0.257434
412,0.257434
412.25,0.257434
412.5,0.257434
412.75,0.257434
413,0.257434
413.25,0.257434
413.5,0.257434
413.75,0.257434
414,0.257434
414.25,0.257434
414.5,0.257434
414.75,0.257434
415,0.257434
415.25,0.257434
415.5,0.257434
415.75,0.257434
416,0.257434
416.25,0.257434
416.5,0.257434
416.75,0.257434
417,0.257434
417.25,0.257434
417.5,0.257434
417.75,0.257434
418,0.257434
418.25,0.257434
418.5,0.257434
418.75,0.257434
419,0.257434
419.25,0.257434
419.5,0.257434
419.75,0.257434
420,0.257434
420.25,0.257434
420.5,0.257434
420.75,0.257434
421,0.257434
421.25,0.257434
421.5,0.257434
421.75,0.257434
422,0.257434
422.25,0.257434
422.5,0.257434
422.75,0.257434
423,0.257434
423.25,0.257434
423.5,0.257434
423.75,0.257434
424,0.257434
424.25,0.257434
424.5,0.257434
424.75,0.257434
425,0.257434
425.25,0.257434
425.5,0.257434
425.75,0.257434
426,0.257434
426.25,0.257434
426.5,0.257434
426.75,0.257434
427,0.257434
427.25,0.257434
427.5,0.257434
427.75,0.257434
428,0.257434
428.25,0.257434
428.5,0.257434
428.75,0.257434
429,0.257434
429.25,0.257434
429.5,0.257434
429.75,0.257434
430,0.257434
430.25,0.257434
430.5,0.257434
430.75,0.257434
431,0.257434
431.25,0.257434
431.5,0.257434
431.75,0.257434
432,0.257434
432.25,0.257434
432.5,0.257434
432.75,0.257434
433,0.257434
433.25,0.257434
433.5,0.257434
433.75,0.257434
434,0.257434
434.25,0.257434
434.5,0.257434
434.75,0.257434
435,0.257434
435.25,0.257434
435.5,0.257434
435.75,0.257434
436,0.257434
436.25,0.257434
436.5,0.257434
436.75,0.257434
437,0.257434
437.25,0.257434
437.5,0.257434
437.75,0.257434
438,0.257434
438.25,0.257434
438.5,0.257434
438.75,0.257434
439,0.257434
439.25,0.257434
439.5,0.257434
439.75,0.257434
440,0.257434
440.25,0.257434
440.5,0.257434
440.75,0.257434
441,0.257434
441.25,0.257434
441.5,0.257434
441.75,0.257434
442,0.257434
442.25,0.257434
442.5,0.257434
442.75,0.257434
443,0.257434
443.25,0.257434
443.5,0.257434
443.75,0.257434
444,0.257434
444.25,0.257434
444.5,0.257434
444.75,0.257434
445,0.257434
445.25,0.257434
445.5,0.257434
445.75,0.257434
446,0.257434
446.25,0.257434
446.5,0.257434
446.75,0.257434
447,0.257434
447.25,0.257434
447.5,0.257434
447.75,0.257434
448,0.257434
448.25,0.257434
448.5,0.257434
448.75,0.257434
449,0.257434
449.25,0.257434
449.5,0.257434
449.75,0.257434
450,0.257434
450.25,0.257434
450.5,0.257434
450.75,0.257434
451,0.257434
451.25,0.257434
451.5,0.257434
451.75,0.257434
452,0.257434
452.25,0.257434
452.5,0.257434
452.75,0.257434
453,0.257434
453.25,0.257434
453.5,0.257434
453.75,0.257434
454,0.257434
454.25,0.257434
454.5,0.257434
454.75,0.257434
455,0.257434
455.25,0.257434
455.5,0.257434
455.75,0.257434
456,0.257434
456.25,0.257434
456.5,0.257434
456.75,0.257434
457,0.257434
457.25,0.257434
457.5,0.257434
457.75,0.257434
458,0.257434
458.25,0.257434
458.5,0.257434
458.75,0.257434
459,0.257434
459.25,0.257434
459.5,0.257434
459.75,0.257434
460,0.257434
460.25,0.257434
460.5,0.257434
460.75,0.257434
461,0.257434
461.25,0.257434
461.5,0.257434
461.75,0.257434
462,0.257434
462.25,0.257434
462.5,0.257434
462.75,0.257434
463,0.257434
463.25,0.257434
463.5,0.257434
463.75,0.257434
464,0.257434
464.25,0.257434
464.5,0.257434
464.75,0.257434
465,0.257434
465.25,0.257434
465.5,0.257434
465.75,0.257434
466,0.257434
466.25,0.257434
466.5,0.257434
466.75,0.257434
467,0.257434
467.25,0.257434
467.5,0.257434
467.75,0.257434
468,0.257434
468.25,0.257434
468.5,0.257434
468.75,0.257434
469,0.257434
469.25,0.257434
469.5,0.257434
469.75,0.257434
470,0.257434
470.25,0.257434
470.5,0.257434
470.75,0.257434
471,0.257434
471.25,0.257434
471.5,0.257434
471.75,0.257434
472,0.257434
472.25,0.257434
472.5,0.257434
472.75,0.257434
473,0.257434
473.25,0.257434
473.5,0.257434
473.75,0.257434
474,0.257434
474.25,0.257434
474.5,0.257434
474.75,0.257434
475,0.257434
475.25,0.257434
475.5,0.257434
475.75,0.257434
476,0.257434
476.25,0.257434
476.5,0.257434
476.75,0.257434
477,0.257434
477.25,0.257434
477.5,0.257434
477.75,0.257434
478,0.257434
478.25,0.257434
478.5,0.257434
478.75,0.257434
479,0.257434
479.25,0.257434
479.5,0.257434
479.75,0.257434
480,0.257434
480.25,0.257434
480.5,0.257434
480.75,0.257434
481,0.257434
481.25,0.257434
481.5,0.257434
481.75,0.257434
482,0.257434
482.25,0.257434
482.5,0.257434
482.75,0.257434
483,0.257434
483.25,0.257434
483.5,0.257434
483.75,0.257434
484,0.257434
484.25,0.257434
484.5,0.257434
484.75,0.257434
485,0.257434
485.25,0.257434
485.5,0.257434
485.75,0.257434
486,0.257434
486.25,0.257434
486.5,0.257434
486.75,0.257434
487,0.257434
487.25,0.257434
487.5,0.257434
487.75,0.257434
488,0.257434
488.25,0.257434
488.5,0.257434
488.75,0.257434
489,0.257434
489.25,0.257434
489.5,0.257434
489.75,0.257434
490,0.257434
490.25,0.257434
490.5,0.257434
490.75,0.257434
491,0.257434
491.25,0.257434
491.5,0.257434
491.75,0.257434
492,0.257434
492.25,0.257434
492.5,0.257434
492.75,0.257434
493,0.257434
493.25,0.257434
493.5,0.257434
493.75,0.257434
494,0.257434
494.25,0.257434
494.5,0.257434
494.75,0.257434
495,0.257434
495.25,0.257434
495.5,0.257434
495.75,0.257434
496,0.257434
496.25,0.257434
496.5,0.257434
496.75,0.257434
497,0.257434
497.25,0.257434
497.5,0.257434
497.75,0.257434
498,0.257434
498.25,0.257434
498.5,0.257434
498.75,0.257434
499,0.257434
499.25,0.257434
499.5,0.257434
499.75,0.257434
500,0.257434
500.25,0.257434
500.5,0.257434
500.75,0.257434
501,0.257434
501.25,0.257434
501.5,0.257434
501.75,0.257434
502,0.257434
502.25,0.257434
502.5,0.257434
502.75,0.257434
503,0.257434
503.25,0.257434
503.5,0.257434
503.75,0.257434
504,0.257434
504.25,0.257434
504.5,0.257434
504.75,0.257434
505,0.257434
505.25,0.257434
505.5,0.257434
505.75,0.257434
506,0.257434
506.25,0.257434
506.5,0.257434
506.75,0.257434
507,0.257434
507.25,0.257434
507.5,0.257434
507.75,0.257434
508,0.257434
508.25,0.257434
508.5,0.257434
508.75,0.257434
509,0.257434
509.25,0.257434
509.5,0.257434
509.75,0.257434
510,0.257434
510.25,0.257434
510.5,0.257434
510.75,0.257434
511,0.257434
511.25,0.257434
511.5,0.257434
511.75,0.257434
512,0.257434
512.25,0.257434
512.5,0.257434
512.75,0.257434
513,0.257434
513.25,0.257434
513.5,0.257434
513.75,0.257434
514,0.257434
514.25,0.257434
514.5,0.257434
514.75,0.257434
515,0.257434
515.25,0.257434
515.5,0.257434
515.75,0.257434
516,0.257434
516.25,0.257434
516.5,0.257434
516.75,0.257434
517,0.257434
517.25,0.257434
517.5,0.257434
517.75,0.257434
518,0.257434
518.25,0.257434
518.5,0.257434
518.75,0.257434
519,0.257434
519.25,0.257434
519.5,0.257434
519.75,0.257434
520,0.257434
520.25,0.257434
520.5,0.257434
520.75,0.257434
521,0.257434
521.25,0.257434
521.5,0.257434
521.75,0.257434
522,0.257434
522.25,0.257434
522.5,0.257434
522.75,0.257434
523,0.257434
523.25,0.257434
523.5,0.257434
523.75,0.257434
524,0.257434
524.25,0.257434
524.5,0.257434
524.75,0.257434
525,0.257434
525.25,0.257434
525.5,0.257434
525.75,0.257434
526,0.257434
526.25,0.257434
526.5,0.257434
526.75,0.257434
527,0.257434
527.25,0.257434
527.5,0.257434
527.75,0.257434
528,0.257434
528.25,0.257434
528.5,0.257434
528.75,0.257434
529,0.257434
529.25,0.257434
529.5,0.257434
529.75,0.257434
530,0.257434
530.25,0.257434
530.5,0.257434
530.75,0.257434
531,0.257434
531.25,0.257434
531.5,0.257434
531.75,0.257434
532,0.257434
532.25,0.257434
532.5,0.257434
532.75,0.257434
533,0.257434
533.25,0.257434
533.5,0.257434
533.75,0.257434
534,0.257434
534.25,0.257434
534.5,0.257434
534.75,0.257434
535,0.257434
535.25,0.257434
535.5,0.257434
535.75,0.257434
536,0.257434
536.25,0.257434
536.5,0.257434
536.75,0.257434
537,0.257434
537.25,0.257434
537.5,0.257434
537.75,0.257434
538,0.257434
538.25,0.257434
538.5,0.257434
538.75,0.257434
539,0.257434
539.25,0.257434
539.5,0.257434
539.75,0.257434
540,0.257434
540.25,0.257434
540.5,0.257434
540.75,0.257434
541,0.257434
541.25,0.257434
541.5,0.257434
541.75,0.257434
542,0.257434
542.25,0.257434
542.5,0.257434
542.75,0.257434
543,0.257434
543.25,0.257434
543.5,0.257434
543.75,0.257434
544,0.257434
544.25,0.257434
544.5,0.257434
544.75,0.257434
545,0.257434
545.25,0.257434
545.5,0.257434
545.75,0.257434
546,0.257434
546.25,0.257434
546.5,0.257434
546.75,0.257434
547,0.257434
547.25,0.257434
547.5,0.257434
547.75,0.257434
548,0.257434
548.25,0.257434
548.5,0.257434
548.75,0.257434
549,0.257434
549.25,0.257434
549.5,0.257434
549.75,0.257434
550,0.257434
550.25,0.257434
550.5,0.257434
550.75,0.257434
551,0.257434
551.25,0.257434
551.5,0.257434
551.75,0.257434
552,0.257434
552.25,0.257434
552.5,0.257434
552.75,0.257434
553,0.257434
553.25,0.257434
553.5,0.257434
553.75,0.257434
554,0.257434
554.25,0.257434
554.5,0.257434
554.75,0.257434
555,0.257434
555.25,0.257434
555.5,0.257434
555.75,0.257434
556,0.257434
556.25,0.257434
556.5,0.257434
556.75,0.257434
557,0.257434
557.25,0.257434
557.5,0.257434
557.75,0.257434
558,0.257434
558.25,0.257434
558.5,0.257434
558.75,0.257434
559,0.257434
559.25,0.257434
559.5,0.257434
559.75,0.257434
560,0.257434
560.25,0.257434
560.5,0.257434
560.75,0.257434
561,0.257434
561.25,0.257434
561.5,0.257434
561.75,0.257434
562,0.257434
562.25,0.257434
562.5,0.257434
562.75,0.257434
563,0.257434
563.25,0.257434
563.5,0.257434
563.75,0.257434
564,0.257434
564.25,0.257434
564.5,0.257434
564.75,0.257434
565,0.257434
565.25,0.257434
565.5,0.257434
565.75,0.257434
566,0.257434
566.25,0.257434
566.5,0.257434
566.75,0.257434
567,0.257434
567.25,0.257434
567.5,0.257434
567.75,0.257434
568,0.257434
568.25,0.257434
568.5,0.257434
568.75,0.257434
569,0.257434
569.25,0.257434
569.5,0.257434
569.75,0.257434
570,0.257434
570.25,0.257434
570.5,0.257434
570.75,0.257434
571,0.257434
571.25,0.257434
571.5,0.257434
571.75,0.257434
572,0.257434
572.25,0.257434
572.5,0.257434
572.75,0.257434
573,0.257434
573.25,0.257434
573.5,0.257434
573.75,0.257434
574,0.257434
574.25,0.257434
574.5,0.257434
574.75,0.257434
575,0.257434
575.25,0.257434
575.5,0.257434
575.75,0.257434
576,0.257434
576.25,0.257434
576.5,0.257434
576.75,0.257434
577,0.257434
577.25,0.257434
577.5,0.257434
577.75,0.257434
578,0.257434
578.25,0.257434
578.5,0.257434
578.75,0.257434
579,0.257434
579.25,0.257434
579.5,0.257434
579.75,0.257434
580,0.257434
580.25,0.257434
580.5,0.257434
580.75,0.257434
581,0.257434
581.25,0.257434
581.5,0.257434
581.75,0.257434
582,0.257434
582.25,0.257434
582.5,0.257434
582.75,0.257434
583,0.257434
583.25,0.257434
583.5,0.257434
583.75,0.257434
584,0.257434
584.25,0.257434
584.5,0.257434
584.75,0.257434
585,0.257434
585.25,0.257434
585.5,0.257434
585.75,0.257434
586,0.257434
586.25,0.257434
586.5,0.257434
586.75,0.257434
587,0.257434
587.25,0.257434
587.5,0.257434
587.75,0.257434
588,0.257434
588.25,0.257434
588.5,0.257434
588.75,0.257434
589,0.257434
589.25,0.257434
589.5,0.257434
589.75,0.257434
590,0.257434
590.25,0.257434
590.5,0.257434
590.75,0.257434
591,0.257434
591.25,0.257434
591.5,0.257434
591.75,0.257434
592,0.257434
592.25,0.257434
592.5,0.257434
592.75,0.257434
593,0.257434
593.25,0.257434
593.5,0.257434
593.75,0.257434
594,0.257434
594.25,0.257434
594.5,0.257434
594.75,0.257434
595,0.257434
595.25,0.257434
595.5,0.257434
595.75,0.257434
596,0.257434
596.25,0.257434
596.5,0.257434
596.75,0.257434
597,0.257434
597.25,0.257434
597.5,0.257434
597.75,0.257434
598,0.257434
598.25,0.257434
598.5,0.257434
598.75,0.257434
599,0.257434
599.25,0.257434
599.5,0.257434
599.75,0.257434
600,0.257434
600.25,0.257434
600.5,0.257434
600.75,0.257434
601,0.257434
601.25,0.257434
601.5,0.257434
601.75,0.257434
602,0.257434
602.25,0.257434
602.5,0.257434
602.75,0.257434
603,0.257434
603.25,0.257434
603.5,0.257434
603.75,0.257434
604,0.257434
604.25,0.257434
604.5,0.257434
604.75,0.257434
605,0.257434
605.25,0.257434
605.5,0.257434
605.75,0.257434
606,0.257434
606.25,0.257434
606.5,0.257434
606.75,0.257434
607,0.257434
607.25,0.257434
607.5,0.257434
607.75,0.257434
608,0.257434
608.25,0.257434
608.5,0.257434
608.75,0.257434
609,0.257434
609.25,0.257434
609.5,0.257434
609.75,0.257434
610,0.257434
610.25,0.257434
610.5,0.257434
610.75,0.257434
611,0.257434
611.25,0.257434
611.5,0.257434
611.75,0.257434
612,0.257434
612.25,0.257434
612.5,0.257434
612.75,0.257434
613,0.257434
613.25,0.257434
613.5,0.257434
613.75,0.257434
614,0.257434
614.25,0.257434
614.5,0.257434
614.75,0.257434
615,0.257434
615.25,0.257434
615.5,0.257434
615.75,0.257434
616,0.257434
616.25,0.257434
616.5,0.257434
616.75,0.257434
617,0.257434
617.25,0.257434
617.5,0.257434
617.75,0.257434
618,0.257434
618.25,0.257434
618.5,0.257434
618.75,0.257434
619,0.257434
619.25,0.257434
619.5,0.257434
619.75,0.257434
620,0.257434
620.25,0.257434
620.5,0.257434
620.75,0.257434
621,0.257434
621.25,0.257434
621.5,0.257434
621.75,0.257434
622,0.257434
622.25,0.257434
622.5,0.257434
622.75,0.257434
623,0.257434
623.25,0.257434
623.5,0.257434
623.75,0.257434
624,0.257434
624.25,0.257434
624.5,0.257434
624.75,0.257434
625,0.257434
625.25,0.257434
625.5,0.257434
625.75,0.257434
626,0.257434
626.25,0.257434
626.5,0.257434
626.75,0.257434
627,0.257434
627.25,0.257434
627.5,0.257434
627.75,0.257434
628,0.257434
628.25,0.257434
628.5,0.257434
628.75,0.257434
629,0.257434
629.25,0.257434
629.5,0.257434
629.75,0.257434
630,0.257434
630.25,0.257434
630.5,0.257434
630.75,0.257434
631,0.257434
631.25,0.257434
631.5,0.257434
631.75,0.257434
632,0.257434
632.25,0.257434
632.5,0.257434
632.75,0.257434
633,0.257434
633.25,0.257434
633.5,0.257434
633.75,0.257434
634,0.257434
634.25,0.257434
634.5,0.257434
634.75,0.257434
635,0.257434
635.25,0.257434
635.5,0.257434
635.75,0.257434
636,0.257434
636.25,0.257434
636.5,0.257434
636.75,0.257434
637,0.257434
637.25,0.257434
637.5,0.257434
637.75,0.257434
638,0.257434
638.25,0.257434
638.5,0.257434
638.75,0.257434
639,0.257434
639.25,0.257434
639.5,0.257434
639.75,0.257434
640,0.257434
640.25,0.257434
640.5,0.257434
640.75,0.257434
641,0.257434
641.25,0.257434
641.5,0.257434
641.75,0.257434
642,0.257434
642.25,0.257434
642.5,0.257434
642.75,0.257434
643,0.257434
643.25,0.257434
643.5,0.257434
643.75,0.257434
644,0.257434
644.25,0.257434
644.5,0.257434
644.75,0.257434
645,0.257434
645.25,0.257434
645.5,0.257434
645.75,0.257434
646,0.257434
646.25,0.257434
646.5,0.257434
646.75,0.257434
647,0.257434
647.25,0.257434
647.5,0.257434
647.75,0.257434
648,0.257434
648.25,0.257434
648.5,0.257434
648.75,0.257434
649,0.257434
649.25,0.257434
649.5,0.257434
649.75,0.257434
650,0.257434
650.25,0.257434
650.5,0.257434
650.75,0.257434
651,0.257434
651.25,0.257434
651.5,0.257434
651.75,0.257434
652,0.257434
652.25,0.257434
652.5,0.257434
652.75,0.257434
653,0.257434
653.25,0.257434
653.5,0.257434
653.75,0.257434
654,0.257434
654.25,0.257434
654.5,0.257434
654.75,0.257434
655,0.257434
655.25,0.257434
655.5,0.257434
655.75,0.257434
656,0.257434
656.25,0.257434
656.5,0.257434
656.75,0.257434
657,0.257434
657.25,0.257434
657.5,0.257434
657.75,0.257434
658,0.257434
658.25,0.257434
658.5,0.257434
658.75,0.257434
659,0.257434
659.25,0.257434
659.5,0.257434
659.75,0.257434
660,0.257434
660.25,0.257434
660.5,0.257434
660.75,0.257434
661,0.257434
661.25,0.257434
661.5,0.257434
661.75,0.257434
662,0.257434
662.25,0.257434
662.5,0.257434
662.75,0.257434
663,0.257434
663.25,0.257434
663.5,0.257434
663.75,0.257434
664,0.257434
664.25,0.257434
664.5,0.257434
664.75,0.257434
665,0.257434
665.25,0.257434
665.5,0.257434
665.75,0.257434
666,0.257434
666.25,0.257434
666.5,0.257434
666.75,0.257434
667,0.257434
667.25,0.257434
667.5,0.257434
667.75,0.257434
668,0.257434
668.25,0.257434
668.5,0.257434
668.75,0.257434
669,0.257434
669.25,0.257434
669.5,0.257434
669.75,0.257434
670,0.257434
670.25,0.257434
670.5,0.257434
670.75,0.257434
671,0.257434
671.25,0.257434
671.5,0.257434
671.75,0.257434
672,0.257434
672.25,0.257434
672.5,0.257434
672.75,0.257434
673,0.257434
673.25,0.257434
673.5,0.257434
673.75,0.257434
674,0.257434
674.25,0.257434
674.5,0.257434
674.75,0.257434
675,0.257434
675.25,0.257434
675.5,0.257434
675.75,0.257434
676,0.257434
676.25,0.257434
676.5,0.257434
676.75,0.257434
677,0.257434
677.25,0.257434
677.5,0.257434
677.75,0.257434
678,0.257434
678.25,0.257434
678.5,0.257434
678.75,0.257434
679,0.257434
679.25,0.257434
679.5,0.257434
679.75,0.257434
680,0.257434
680.25,0.257434
680.5,0.257434
680.75,0.257434
681,0.257434
681.25,0.257434
681.5,0.257434
681.75,0.257434
682,0.257434
682.25,0.257434
682.5,0.257434
682.75,0.257434
683,0.257434
683.25,0.257434
683.5,0.257434
683.75,0.257434
684,0.257434
684.25,0.257434
684.5,0.257434
684.75,0.257434
685,0.257434
685.25,0.257434
685.5,0.257434
685.75,0.257434
686,0.257434
686.25,0.257434
686.5,0.257434
686.75,0.257434
687,0.257434
687.25,0.257434
687.5,0.257434
687.75,0.257434
688,0.257434
688.25,0.257434
688.5,0.257434
688.75,0.257434
689,0.257434
689.25,0.257434
689.5,0.257434
689.75,0.257434
690,0.257434
690.25,0.257434
690.5,0.257434
690.75,0.257434
691,0.257434
691.25,0.257434
691.5,0.257434
691.75,0.257434
692,0.257434
692.25,0.257434
692.5,0.257434
692.75,0.257434
693,0.257434
693.25,0.257434
693.5,0.257434
693.75,0.257434
694,0.257434
694.25,0.257434
694.5,0.257434
694.75,0.257434
695,0.257434
695.25,0.257434
695.5,0.257434
695.75,0.257434
696,0.257434
696.25,0.257434
696.5,0.257434
696.75,0.257434
697,0.257434
697.25,0.257434
697.5,0.257434
697.75,0.257434
698,0.257434
698.25,0.257434
698.5,0.257434
698.75,0.257434
699,0.257434
699.25,0.257434
699.5,0.257434
699.75,0.257434
