Time,num_exposed
0,99
0.25,88
0.5,75
0.75,72
1,71
1.25,83
1.5,104
1.75,117
2,133
2.25,161
2.5,172
2.75,181
3,212
3.25,228
3.5,258
3.75,275
4,301
4.25,315
4.5,324
4.75,335
5,344
5.25,351
5.5,367
5.75,374
6,386
6.25,407
6.5,437
6.75,461
7,501
7.25,510
7.5,527
7.75,538
8,574
8.25,586
8.5,620
8.75,676
9,706
9.25,737
9.5,752
9.75,791
10,834
10.25,872
10.5,913
10.75,987
11,1058
11.25,1112
11.5,1174
11.75,1237
12,1318
12.25,1397
12.5,1467
12.75,1561
13,1632
13.25,1722
13.5,1809
13.75,1887
14,1978
14.25,2058
14.5,2133
14.75,2262
15,2377
15.25,2498
15.5,2634
15.75,2772
16,2902
16.25,3077
16.5,3234
16.75,3413
17,3575
17.25,3740
17.5,3968
17.75,4169
18,4366
18.25,4585
18.5,4798
18.75,5037
19,5266
19.25,5612
19.5,5965
19.75,6252
20,6566
20.25,6910
20.5,7277
20.75,7676
21,8082
21.25,8463
21.5,8979
21.75,9500
22,9958
22.25,10457
22.5,10956
22.75,11549
23,12221
23.25,12868
23.5,13462
23.75,14096
24,14858
24.25,15692
24.5,16530
24.75,17475
25,18333
25.25,19248
25.5,20195
25.75,21234
26,22220
26.25,23398
26.5,24722
26.75,26087
27,27545
27.25,28875
27.5,30429
27.75,31980
28,33460
28.25,35102
28.5,36860
28.75,38537
29,40408
29.25,42420
29.5,44393
29.75,46499
30,48875
30.25,51187
30.5,53520
30.75,56061
31,58717
31.25,61675
31.5,64531
31.75,67511
32,70620
32.25,73798
32.5,77163
32.75,80532
33,83914
33.25,87622
33.5,91341
33.75,95165
34,99180
34.25,103399
34.5,107664
34.75,112297
35,116629
35.25,121317
35.5,125773
35.75,130314
36,134625
36.25,139301
36.5,144078
36.75,148887
37,153487
37.25,158261
37.5,162912
37.75,167787
38,172641
38.25,177472
38.5,182283
38.75,186594
39,190932
39.25,195079
39.5,199160
39.75,202999
40,206737
40.25,210222
40.5,213466
40.75,216379
41,219202
41.25,221383
41.5,223484
41.75,225464
42,226864
42.25,228191
42.5,229372
42.75,230006
43,230356
43.25,230379
43.5,230112
43.75,229236
44,228081
44.25,226917
44.5,225190
44.75,223223
45,220930
45.25,218430
45.5,215421
45.75,212211
46,209004
46.25,205428
46.5,201456
46.75,197615
47,193426
47.25,189187
47.5,184794
47.75,180311
48,175723
48.25,170957
48.5,166024
48.75,161113
49,156182
49.25,151261
49.5,146429
49.75,141630
50,136732
50.25,132161
50.5,127347
50.75,122998
51,118567
51.25,114239
51.5,109830
51.75,105536
52,101475
52.25,97563
52.5,93515
52.75,89736
53,86059
53.25,82531
53.5,79095
53.75,75765
54,72546
54.25,69410
54.5,66556
54.75,63725
55,60925
55.25,58182
55.5,55564
55.75,53212
56,50831
56.25,48530
56.5,46267
56.75,44187
57,42216
57.25,40304
57.5,38436
57.75,36744
58,34978
58.25,33340
58.5,31707
58.75,30199
59,28743
59.25,27368
59.5,26124
59.75,24934
60,23797
60.25,22671
60.5,21532
60.75,20489
61,19550
61.25,18638
61.5,17860
61.75,17031
62,16241
62.25,15452
62.5,14771
62.75,14071
63,13494
63.25,12872
63.5,12261
63.75,11718
64,11177
64.25,10703
64.5,10239
64.75,9827
65,9377
65.25,8944
65.5,8518
65.75,8061
66,7712
66.25,7324
66.5,7022
66.75,6706
67,6382
67.25,6124
67.5,5870
67.75,5605
68,5291
68.25,5057
68.5,4841
68.75,4617
69,4425
69.25,4237
69.5,4050
69.75,3872
70,3697
70.25,3519
70.5,3362
70.75,3233
71,3100
71.25,2996
71.5,2888
71.75,2775
72,2663
72.25,2545
72.5,2454
72.75,2372
73,2263
73.25,2160
73.5,2068
73.75,1972
74,1867
74.25,1782
74.5,1702
74.75,1632
75,1574
75.25,1523
75.5,1460
75.75,1397
76,1346
76.25,1283
76.5,1240
76.75,1185
77,1122
77.25,1082
77.5,1042
77.75,992
78,959
78.25,920
78.5,884
78.75,855
79,820
79.25,805
79.5,759
79.75,744
80,711
80.25,669
80.5,643
80.75,612
81,579
81.25,565
81.5,537
81.75,510
82,480
82.25,449
82.5,423
82.75,401
83,374
83.25,371
83.5,359
83.75,339
84,315
84.25,305
84.5,291
84.75,278
85,273
85.25,265
85.5,266
85.75,255
86,241
86.25,235
86.5,224
86.75,218
87,212
87.25,206
87.5,193
87.75,182
88,174
88.25,170
88.5,164
88.75,160
89,148
89.25,142
89.5,135
89.75,134
90,126
90.25,123
90.5,115
90.75,115
91,111
91.25,110
91.5,107
91.75,100
92,101
92.25,93
92.5,92
92.75,87
93,85
93.25,85
93.5,79
93.75,75
94,73
94.25,71
94.5,70
94.75,65
95,61
95.25,62
95.5,60
95.75,55
96,52
96.25,48
96.5,43
96.75,40
97,42
97.25,41
97.5,41
97.75,38
98,36
98.25,32
98.5,31
98.75,30
99,29
99.25,27
99.5,27
99.75,26
100,24
100.25,23
100.5,23
100.75,22
101,21
101.25,19
101.5,17
101.75,18
102,17
102.25,17
102.5,16
102.75,15
103,14
103.25,13
103.5,13
103.75,12
104,10
104.25,11
104.5,13
104.75,13
105,12
105.25,11
105.5,11
105.75,11
106,11
106.25,9
106.5,8
106.75,7
107,7
107.25,7
107.5,6
107.75,6
108,6
108.25,5
108.5,5
108.75,5
109,4
109.25,4
109.5,4
109.75,4
110,5
110.25,4
110.5,4
110.75,4
111,3
111.25,3
111.5,2
111.75,2
112,2
112.25,2
112.5,3
112.75,3
113,3
113.25,3
113.5,3
113.75,3
114,2
114.25,2
114.5,2
114.75,2
115,2
115.25,2
115.5,2
115.75,1
116,1
116.25,1
116.5,1
116.75,1
117,1
117.25,1
117.5,1
117.75,1
118,1
118.25,1
118.5,1
118.75,1
119,1
119.25,1
119.5,1
119.75,1
120,1
120.25,1
120.5,1
120.75,1
121,1
121.25,0
121.5,0
121.75,0
122,0
122.25,0
122.5,0
122.75,1
123,1
123.25,1
123.5,0
123.75,0
124,0
124.25,0
124.5,0
124.75,0
125,0
125.25,0
125.5,0
125.75,0
126,0
126.25,0
126.5,0
126.75,0
127,1
127.25,1
127.5,1
127.75,1
128,1
128.25,1
128.5,1
128.75,1
129,0
129.25,0
129.5,0
129.75,0
130,0
130.25,0
130.5,0
130.75,0
131,0
131.25,0
131.5,0
131.75,0
132,0
132.25,0
132.5,0
132.75,0
133,0
133.25,0
133.5,0
133.75,0
134,0
134.25,0
134.5,0
134.75,0
135,0
135.25,0
135.5,0
135.75,0
136,0
136.25,0
136.5,0
136.75,0
137,0
137.25,0
137.5,0
137.75,0
138,0
138.25,0
138.5,0
138.75,0
139,0
139.25,0
139.5,0
139.75,0
140,0
140.25,0
140.5,0
140.75,0
141,0
141.25,0
141.5,0
141.75,0
142,0
142.25,0
142.5,0
142.75,0
143,0
143.25,0
143.5,0
143.75,0
144,0
144.25,0
144.5,0
144.75,0
145,0
145.25,0
145.5,0
145.75,0
146,0
146.25,0
146.5,0
146.75,0
147,0
147.25,0
147.5,0
147.75,0
148,0
148.25,0
148.5,0
148.75,0
149,0
149.25,0
149.5,0
149.75,0
150,0
150.25,0
150.5,0
150.75,0
151,0
151.25,0
151.5,0
151.75,0
152,0
152.25,0
152.5,0
152.75,0
153,0
153.25,0
153.5,0
153.75,0
154,0
154.25,0
154.5,0
154.75,0
155,0
155.25,0
155.5,0
155.75,0
156,0
156.25,0
156.5,0
156.75,0
157,0
157.25,0
157.5,0
157.75,0
158,0
158.25,0
158.5,0
158.75,0
159,0
159.25,0
159.5,0
159.75,0
160,0
160.25,0
160.5,0
160.75,0
161,0
161.25,0
161.5,0
161.75,0
162,0
162.25,0
162.5,0
162.75,0
163,0
163.25,0
163.5,0
163.75,0
164,0
164.25,0
164.5,0
164.75,0
165,0
165.25,0
165.5,0
165.75,0
166,0
166.25,0
166.5,0
166.75,0
167,0
167.25,0
167.5,0
167.75,0
168,0
168.25,0
168.5,0
168.75,0
169,0
169.25,0
169.5,0
169.75,0
170,0
170.25,0
170.5,0
170.75,0
171,0
171.25,0
171.5,0
171.75,0
172,0
172.25,0
172.5,0
172.75,0
173,0
173.25,0
173.5,0
173.75,0
174,0
174.25,0
174.5,0
174.75,0
175,0
175.25,0
175.5,0
175.75,0
176,0
176.25,0
176.5,0
176.75,0
177,0
177.25,0
177.5,0
177.75,0
178,0
178.25,0
178.5,0
178.75,0
179,0
179.25,0
179.5,0
179.75,0
180,0
180.25,0
180.5,0
180.75,0
181,0
181.25,0
181.5,0
181.75,0
182,0
182.25,0
182.5,0
182.75,0
183,0
183.25,0
183.5,0
183.75,0
184,0
184.25,0
184.5,0
184.75,0
185,0
185.25,0
185.5,0
185.75,0
186,0
186.25,0
186.5,0
186.75,0
187,0
187.25,0
187.5,0
187.75,0
188,0
188.25,0
188.5,0
188.75,0
189,0
189.25,0
189.5,0
189.75,0
190,0
190.25,0
190.5,0
190.75,0
191,0
191.25,0
191.5,0
191.75,0
192,0
192.25,0
192.5,0
192.75,0
193,0
193.25,0
193.5,0
193.75,0
194,0
194.25,0
194.5,0
194.75,0
195,0
195.25,0
195.5,0
195.75,0
196,0
196.25,0
196.5,0
196.75,0
197,0
197.25,0
197.5,0
197.75,0
198,0
198.25,0
198.5,0
198.75,0
199,0
199.25,0
199.5,0
199.75,0
200,0
200.25,0
200.5,0
200.75,0
201,0
201.25,0
201.5,0
201.75,0
202,0
202.25,0
202.5,0
202.75,0
203,0
203.25,0
203.5,0
203.75,0
204,0
204.25,0
204.5,0
204.75,0
205,0
205.25,0
205.5,0
205.75,0
206,0
206.25,0
206.5,0
206.75,0
207,0
207.25,0
207.5,0
207.75,0
208,0
208.25,0
208.5,0
208.75,0
209,0
209.25,0
209.5,0
209.75,0
210,0
210.25,0
210.5,0
210.75,0
211,0
211.25,0
211.5,0
211.75,0
212,0
212.25,0
212.5,0
212.75,0
213,0
213.25,0
213.5,0
213.75,0
214,0
214.25,0
214.5,0
214.75,0
215,0
215.25,0
215.5,0
215.75,0
216,0
216.25,0
216.5,0
216.75,0
217,0
217.25,0
217.5,0
217.75,0
218,0
218.25,0
218.5,0
218.75,0
219,0
219.25,0
219.5,0
219.75,0
220,0
220.25,0
220.5,0
220.75,0
221,0
221.25,0
221.5,0
221.75,0
222,0
222.25,0
222.5,0
222.75,0
223,0
223.25,0
223.5,0
223.75,0
224,0
224.25,0
224.5,0
224.75,0
225,0
225.25,0
225.5,0
225.75,0
226,0
226.25,0
226.5,0
226.75,0
227,0
227.25,0
227.5,0
227.75,0
228,0
228.25,0
228.5,0
228.75,0
229,0
229.25,0
229.5,0
229.75,0
230,0
230.25,0
230.5,0
230.75,0
231,0
231.25,0
231.5,0
231.75,0
232,0
232.25,0
232.5,0
232.75,0
233,0
233.25,0
233.5,0
233.75,0
234,0
234.25,0
234.5,0
234.75,0
235,0
235.25,0
235.5,0
235.75,0
236,0
236.25,0
236.5,0
236.75,0
237,0
237.25,0
237.5,0
237.75,0
238,0
238.25,0
238.5,0
238.75,0
239,0
239.25,0
239.5,0
239.75,0
240,0
240.25,0
240.5,0
240.75,0
241,0
241.25,0
241.5,0
241.75,0
242,0
242.25,0
242.5,0
242.75,0
243,0
243.25,0
243.5,0
243.75,0
244,0
244.25,0
244.5,0
244.75,0
245,0
245.25,0
245.5,0
245.75,0
246,0
246.25,0
246.5,0
246.75,0
247,0
247.25,0
247.5,0
247.75,0
248,0
248.25,0
248.5,0
248.75,0
249,0
249.25,0
249.5,0
249.75,0
250,0
250.25,0
250.5,0
250.75,0
251,0
251.25,0
251.5,0
251.75,0
252,0
252.25,0
252.5,0
252.75,0
253,0
253.25,0
253.5,0
253.75,0
254,0
254.25,0
254.5,0
254.75,0
255,0
255.25,0
255.5,0
255.75,0
256,0
256.25,0
256.5,0
256.75,0
257,0
257.25,0
257.5,0
257.75,0
258,0
258.25,0
258.5,0
258.75,0
259,0
259.25,0
259.5,0
259.75,0
260,0
260.25,0
260.5,0
260.75,0
261,0
261.25,0
261.5,0
261.75,0
262,0
262.25,0
262.5,0
262.75,0
263,0
263.25,0
263.5,0
263.75,0
264,0
264.25,0
264.5,0
264.75,0
265,0
265.25,0
265.5,0
265.75,0
266,0
266.25,0
266.5,0
266.75,0
267,0
267.25,0
267.5,0
267.75,0
268,0
268.25,0
268.5,0
268.75,0
269,0
269.25,0
269.5,0
269.75,0
270,0
270.25,0
270.5,0
270.75,0
271,0
271.25,0
271.5,0
271.75,0
272,0
272.25,0
272.5,0
272.75,0
273,0
273.25,0
273.5,0
273.75,0
274,0
274.25,0
274.5,0
274.75,0
275,0
275.25,0
275.5,0
275.75,0
276,0
276.25,0
276.5,0
276.75,0
277,0
277.25,0
277.5,0
277.75,0
278,0
278.25,0
278.5,0
278.75,0
279,0
279.25,0
279.5,0
279.75,0
280,0
280.25,0
280.5,0
280.75,0
281,0
281.25,0
281.5,0
281.75,0
282,0
282.25,0
282.5,0
282.75,0
283,0
283.25,0
283.5,0
283.75,0
284,0
284.25,0
284.5,0
284.75,0
285,0
285.25,0
285.5,0
285.75,0
286,0
286.25,0
286.5,0
286.75,0
287,0
287.25,0
287.5,0
287.75,0
288,0
288.25,0
288.5,0
288.75,0
289,0
289.25,0
289.5,0
289.75,0
290,0
290.25,0
290.5,0
290.75,0
291,0
291.25,0
291.5,0
291.75,0
292,0
292.25,0
292.5,0
292.75,0
293,0
293.25,0
293.5,0
293.75,0
294,0
294.25,0
294.5,0
294.75,0
295,0
295.25,0
295.5,0
295.75,0
296,0
296.25,0
296.5,0
296.75,0
297,0
297.25,0
297.5,0
297.75,0
298,0
298.25,0
298.5,0
298.75,0
299,0
299.25,0
299.5,0
299.75,0
300,0
300.25,0
300.5,0
300.75,0
301,0
301.25,0
301.5,0
301.75,0
302,0
302.25,0
302.5,0
302.75,0
303,0
303.25,0
303.5,0
303.75,0
304,0
304.25,0
304.5,0
304.75,0
305,0
305.25,0
305.5,0
305.75,0
306,0
306.25,0
306.5,0
306.75,0
307,0
307.25,0
307.5,0
307.75,0
308,0
308.25,0
308.5,0
308.75,0
309,0
309.25,0
309.5,0
309.75,0
310,0
310.25,0
310.5,0
310.75,0
311,0
311.25,0
311.5,0
311.75,0
312,0
312.25,0
312.5,0
312.75,0
313,0
313.25,0
313.5,0
313.75,0
314,0
314.25,0
314.5,0
314.75,0
315,0
315.25,0
315.5,0
315.75,0
316,0
316.25,0
316.5,0
316.75,0
317,0
317.25,0
317.5,0
317.75,0
318,0
318.25,0
318.5,0
318.75,0
319,0
319.25,0
319.5,0
319.75,0
320,0
320.25,0
320.5,0
320.75,0
321,0
321.25,0
321.5,0
321.75,0
322,0
322.25,0
322.5,0
322.75,0
323,0
323.25,0
323.5,0
323.75,0
324,0
324.25,0
324.5,0
324.75,0
325,0
325.25,0
325.5,0
325.75,0
326,0
326.25,0
326.5,0
326.75,0
327,0
327.25,0
327.5,0
327.75,0
328,0
328.25,0
328.5,0
328.75,0
329,0
329.25,0
329.5,0
329.75,0
330,0
330.25,0
330.5,0
330.75,0
331,0
331.25,0
331.5,0
331.75,0
332,0
332.25,0
332.5,0
332.75,0
333,0
333.25,0
333.5,0
333.75,0
334,0
334.25,0
334.5,0
334.75,0
335,0
335.25,0
335.5,0
335.75,0
336,0
336.25,0
336.5,0
336.75,0
337,0
337.25,0
337.5,0
337.75,0
338,0
338.25,0
338.5,0
338.75,0
339,0
339.25,0
339.5,0
339.75,0
340,0
340.25,0
340.5,0
340.75,0
341,0
341.25,0
341.5,0
341.75,0
342,0
342.25,0
342.5,0
342.75,0
343,0
343.25,0
343.5,0
343.75,0
344,0
344.25,0
344.5,0
344.75,0
345,0
345.25,0
345.5,0
345.75,0
346,0
346.25,0
346.5,0
346.75,0
347,0
347.25,0
347.5,0
347.75,0
348,0
348.25,0
348.5,0
348.75,0
349,0
349.25,0
349.5,0
349.75,0
350,0
350.25,0
350.5,0
350.75,0
351,0
351.25,0
351.5,0
351.75,0
352,0
352.25,0
352.5,0
352.75,0
353,0
353.25,0
353.5,0
353.75,0
354,0
354.25,0
354.5,0
354.75,0
355,0
355.25,0
355.5,0
355.75,0
356,0
356.25,0
356.5,0
356.75,0
357,0
357.25,0
357.5,0
357.75,0
358,0
358.25,0
358.5,0
358.75,0
359,0
359.25,0
359.5,0
359.75,0
360,0
360.25,0
360.5,0
360.75,0
361,0
361.25,0
361.5,0
361.75,0
362,0
362.25,0
362.5,0
362.75,0
363,0
363.25,0
363.5,0
363.75,0
364,0
364.25,0
364.5,0
364.75,0
365,0
365.25,0
365.5,0
365.75,0
366,0
366.25,0
366.5,0
366.75,0
367,0
367.25,0
367.5,0
367.75,0
368,0
368.25,0
368.5,0
368.75,0
369,0
369.25,0
369.5,0
369.75,0
370,0
370.25,0
370.5,0
370.75,0
371,0
371.25,0
371.5,0
371.75,0
372,0
372.25,0
372.5,0
372.75,0
373,0
373.25,0
373.5,0
373.75,0
374,0
374.25,0
374.5,0
374.75,0
375,0
375.25,0
375.5,0
375.75,0
376,0
376.25,0
376.5,0
376.75,0
377,0
377.25,0
377.5,0
377.75,0
378,0
378.25,0
378.5,0
378.75,0
379,0
379.25,0
379.5,0
379.75,0
380,0
380.25,0
380.5,0
380.75,0
381,0
381.25,0
381.5,0
381.75,0
382,0
382.25,0
382.5,0
382.75,0
383,0
383.25,0
383.5,0
383.75,0
384,0
384.25,0
384.5,0
384.75,0
385,0
385.25,0
385.5,0
385.75,0
386,0
386.25,0
386.5,0
386.75,0
387,0
387.25,0
387.5,0
387.75,0
388,0
388.25,0
388.5,0
388.75,0
389,0
389.25,0
389.5,0
389.75,0
390,0
390.25,0
390.5,0
390.75,0
391,0
391.25,0
391.5,0
391.75,0
392,0
392.25,0
392.5,0
392.75,0
393,0
393.25,0
393.5,0
393.75,0
394,0
394.25,0
394.5,0
394.75,0
395,0
395.25,0
395.5,0
395.75,0
396,0
396.25,0
396.5,0
396.75,0
397,0
397.25,0
397.5,0
397.75,0
398,0
398.25,0
398.5,0
398.75,0
399,0
399.25,0
399.5,0
399.75,0
400,0
400.25,0
400.5,0
400.75,0
401,0
401.25,0
401.5,0
401.75,0
402,0
402.25,0
402.5,0
402.75,0
403,0
403.25,0
403.5,0
403.75,0
404,0
404.25,0
404.5,0
404.75,0
405,0
405.25,0
405.5,0
405.75,0
406,0
406.25,0
406.5,0
406.75,0
407,0
407.25,0
407.5,0
407.75,0
408,0
408.25,0
408.5,0
408.75,0
409,0
409.25,0
409.5,0
409.75,0
410,0
410.25,0
410.5,0
410.75,0
411,0
411.25,0
411.5,0
411.75,0
412,0
412.25,0
412.5,0
412.75,0
413,0
413.25,0
413.5,0
413.75,0
414,0
414.25,0
414.5,0
414.75,0
415,0
415.25,0
415.5,0
415.75,0
416,0
416.25,0
416.5,0
416.75,0
417,0
417.25,0
417.5,0
417.75,0
418,0
418.25,0
418.5,0
418.75,0
419,0
419.25,0
419.5,0
419.75,0
420,0
420.25,0
420.5,0
420.75,0
421,0
421.25,0
421.5,0
421.75,0
422,0
422.25,0
422.5,0
422.75,0
423,0
423.25,0
423.5,0
423.75,0
424,0
424.25,0
424.5,0
424.75,0
425,0
425.25,0
425.5,0
425.75,0
426,0
426.25,0
426.5,0
426.75,0
427,0
427.25,0
427.5,0
427.75,0
428,0
428.25,0
428.5,0
428.75,0
429,0
429.25,0
429.5,0
429.75,0
430,0
430.25,0
430.5,0
430.75,0
431,0
431.25,0
431.5,0
431.75,0
432,0
432.25,0
432.5,0
432.75,0
433,0
433.25,0
433.5,0
433.75,0
434,0
434.25,0
434.5,0
434.75,0
435,0
435.25,0
435.5,0
435.75,0
436,0
436.25,0
436.5,0
436.75,0
437,0
437.25,0
437.5,0
437.75,0
438,0
438.25,0
438.5,0
438.75,0
439,0
439.25,0
439.5,0
439.75,0
440,0
440.25,0
440.5,0
440.75,0
441,0
441.25,0
441.5,0
441.75,0
442,0
442.25,0
442.5,0
442.75,0
443,0
443.25,0
443.5,0
443.75,0
444,0
444.25,0
444.5,0
444.75,0
445,0
445.25,0
445.5,0
445.75,0
446,0
446.25,0
446.5,0
446.75,0
447,0
447.25,0
447.5,0
447.75,0
448,0
448.25,0
448.5,0
448.75,0
449,0
449.25,0
449.5,0
449.75,0
450,0
450.25,0
450.5,0
450.75,0
451,0
451.25,0
451.5,0
451.75,0
452,0
452.25,0
452.5,0
452.75,0
453,0
453.25,0
453.5,0
453.75,0
454,0
454.25,0
454.5,0
454.75,0
455,0
455.25,0
455.5,0
455.75,0
456,0
456.25,0
456.5,0
456.75,0
457,0
457.25,0
457.5,0
457.75,0
458,0
458.25,0
458.5,0
458.75,0
459,0
459.25,0
459.5,0
459.75,0
460,0
460.25,0
460.5,0
460.75,0
461,0
461.25,0
461.5,0
461.75,0
462,0
462.25,0
462.5,0
462.75,0
463,0
463.25,0
463.5,0
463.75,0
464,0
464.25,0
464.5,0
464.75,0
465,0
465.25,0
465.5,0
465.75,0
466,0
466.25,0
466.5,0
466.75,0
467,0
467.25,0
467.5,0
467.75,0
468,0
468.25,0
468.5,0
468.75,0
469,0
469.25,0
469.5,0
469.75,0
470,0
470.25,0
470.5,0
470.75,0
471,0
471.25,0
471.5,0
471.75,0
472,0
472.25,0
472.5,0
472.75,0
473,0
473.25,0
473.5,0
473.75,0
474,0
474.25,0
474.5,0
474.75,0
475,0
475.25,0
475.5,0
475.75,0
476,0
476.25,0
476.5,0
476.75,0
477,0
477.25,0
477.5,0
477.75,0
478,0
478.25,0
478.5,0
478.75,0
479,0
479.25,0
479.5,0
479.75,0
480,0
480.25,0
480.5,0
480.75,0
481,0
481.25,0
481.5,0
481.75,0
482,0
482.25,0
482.5,0
482.75,0
483,0
483.25,0
483.5,0
483.75,0
484,0
484.25,0
484.5,0
484.75,0
485,0
485.25,0
485.5,0
485.75,0
486,0
486.25,0
486.5,0
486.75,0
487,0
487.25,0
487.5,0
487.75,0
488,0
488.25,0
488.5,0
488.75,0
489,0
489.25,0
489.5,0
489.75,0
490,0
490.25,0
490.5,0
490.75,0
491,0
491.25,0
491.5,0
491.75,0
492,0
492.25,0
492.5,0
492.75,0
493,0
493.25,0
493.5,0
493.75,0
494,0
494.25,0
494.5,0
494.75,0
495,0
495.25,0
495.5,0
495.75,0
496,0
496.25,0
496.5,0
496.75,0
497,0
497.25,0
497.5,0
497.75,0
498,0
498.25,0
498.5,0
498.75,0
499,0
499.25,0
499.5,0
499.75,0
500,0
500.25,0
500.5,0
500.75,0
501,0
501.25,0
501.5,0
501.75,0
502,0
502.25,0
502.5,0
502.75,0
503,0
503.25,0
503.5,0
503.75,0
504,0
504.25,0
504.5,0
504.75,0
505,0
505.25,0
505.5,0
505.75,0
506,0
506.25,0
506.5,0
506.75,0
507,0
507.25,0
507.5,0
507.75,0
508,0
508.25,0
508.5,0
508.75,0
509,0
509.25,0
509.5,0
509.75,0
510,0
510.25,0
510.5,0
510.75,0
511,0
511.25,0
511.5,0
511.75,0
512,0
512.25,0
512.5,0
512.75,0
513,0
513.25,0
513.5,0
513.75,0
514,0
514.25,0
514.5,0
514.75,0
515,0
515.25,0
515.5,0
515.75,0
516,0
516.25,0
516.5,0
516.75,0
517,0
517.25,0
517.5,0
517.75,0
518,0
518.25,0
518.5,0
518.75,0
519,0
519.25,0
519.5,0
519.75,0
520,0
520.25,0
520.5,0
520.75,0
521,0
521.25,0
521.5,0
521.75,0
522,0
522.25,0
522.5,0
522.75,0
523,0
523.25,0
523.5,0
523.75,0
524,0
524.25,0
524.5,0
524.75,0
525,0
525.25,0
525.5,0
525.75,0
526,0
526.25,0
526.5,0
526.75,0
527,0
527.25,0
527.5,0
527.75,0
528,0
528.25,0
528.5,0
528.75,0
529,0
529.25,0
529.5,0
529.75,0
530,0
530.25,0
530.5,0
530.75,0
531,0
531.25,0
531.5,0
531.75,0
532,0
532.25,0
532.5,0
532.75,0
533,0
533.25,0
533.5,0
533.75,0
534,0
534.25,0
534.5,0
534.75,0
535,0
535.25,0
535.5,0
535.75,0
536,0
536.25,0
536.5,0
536.75,0
537,0
537.25,0
537.5,0
537.75,0
538,0
538.25,0
538.5,0
538.75,0
539,0
539.25,0
539.5,0
539.75,0
540,0
540.25,0
540.5,0
540.75,0
541,0
541.25,0
541.5,0
541.75,0
542,0
542.25,0
542.5,0
542.75,0
543,0
543.25,0
543.5,0
543.75,0
544,0
544.25,0
544.5,0
544.75,0
545,0
545.25,0
545.5,0
545.75,0
546,0
546.25,0
546.5,0
546.75,0
547,0
547.25,0
547.5,0
547.75,0
548,0
548.25,0
548.5,0
548.75,0
549,0
549.25,0
549.5,0
549.75,0
550,0
550.25,0
550.5,0
550.75,0
551,0
551.25,0
551.5,0
551.75,0
552,0
552.25,0
552.5,0
552.75,0
553,0
553.25,0
553.5,0
553.75,0
554,0
554.25,0
554.5,0
554.75,0
555,0
555.25,0
555.5,0
555.75,0
556,0
556.25,0
556.5,0
556.75,0
557,0
557.25,0
557.5,0
557.75,0
558,0
558.25,0
558.5,0
558.75,0
559,0
559.25,0
559.5,0
559.75,0
560,0
560.25,0
560.5,0
560.75,0
561,0
561.25,0
561.5,0
561.75,0
562,0
562.25,0
562.5,0
562.75,0
563,0
563.25,0
563.5,0
563.75,0
564,0
564.25,0
564.5,0
564.75,0
565,0
565.25,0
565.5,0
565.75,0
566,0
566.25,0
566.5,0
566.75,0
567,0
567.25,0
567.5,0
567.75,0
568,0
568.25,0
568.5,0
568.75,0
569,0
569.25,0
569.5,0
569.75,0
570,0
570.25,0
570.5,0
570.75,0
571,0
571.25,0
571.5,0
571.75,0
572,0
572.25,0
572.5,0
572.75,0
573,0
573.25,0
573.5,0
573.75,0
574,0
574.25,0
574.5,0
574.75,0
575,0
575.25,0
575.5,0
575.75,0
576,0
576.25,0
576.5,0
576.75,0
577,0
577.25,0
577.5,0
577.75,0
578,0
578.25,0
578.5,0
578.75,0
579,0
579.25,0
579.5,0
579.75,0
580,0
580.25,0
580.5,0
580.75,0
581,0
581.25,0
581.5,0
581.75,0
582,0
582.25,0
582.5,0
582.75,0
583,0
583.25,0
583.5,0
583.75,0
584,0
584.25,0
584.5,0
584.75,0
585,0
585.25,0
585.5,0
585.75,0
586,0
586.25,0
586.5,0
586.75,0
587,0
587.25,0
587.5,0
587.75,0
588,0
588.25,0
588.5,0
588.75,0
589,0
589.25,0
589.5,0
589.75,0
590,0
590.25,0
590.5,0
590.75,0
591,0
591.25,0
591.5,0
591.75,0
592,0
592.25,0
592.5,0
592.75,0
593,0
593.25,0
593.5,0
593.75,0
594,0
594.25,0
594.5,0
594.75,0
595,0
595.25,0
595.5,0
595.75,0
596,0
596.25,0
596.5,0
596.75,0
597,0
597.25,0
597.5,0
597.75,0
598,0
598.25,0
598.5,0
598.75,0
599,0
599.25,0
599.5,0
599.75,0
600,0
600.25,0
600.5,0
600.75,0
601,0
601.25,0
601.5,0
601.75,0
602,0
602.25,0
602.5,0
602.75,0
603,0
603.25,0
603.5,0
603.75,0
604,0
604.25,0
604.5,0
604.75,0
605,0
605.25,0
605.5,0
605.75,0
606,0
606.25,0
606.5,0
606.75,0
607,0
607.25,0
607.5,0
607.75,0
608,0
608.25,0
608.5,0
608.75,0
609,0
609.25,0
609.5,0
609.75,0
610,0
610.25,0
610.5,0
610.75,0
611,0
611.25,0
611.5,0
611.75,0
612,0
612.25,0
612.5,0
612.75,0
613,0
613.25,0
613.5,0
613.75,0
614,0
614.25,0
614.5,0
614.75,0
615,0
615.25,0
615.5,0
615.75,0
616,0
616.25,0
616.5,0
616.75,0
617,0
617.25,0
617.5,0
617.75,0
618,0
618.25,0
618.5,0
618.75,0
619,0
619.25,0
619.5,0
619.75,0
620,0
620.25,0
620.5,0
620.75,0
621,0
621.25,0
621.5,0
621.75,0
622,0
622.25,0
622.5,0
622.75,0
623,0
623.25,0
623.5,0
623.75,0
624,0
624.25,0
624.5,0
624.75,0
625,0
625.25,0
625.5,0
625.75,0
626,0
626.25,0
626.5,0
626.75,0
627,0
627.25,0
627.5,0
627.75,0
628,0
628.25,0
628.5,0
628.75,0
629,0
629.25,0
629.5,0
629.75,0
630,0
630.25,0
630.5,0
630.75,0
631,0
631.25,0
631.5,0
631.75,0
632,0
632.25,0
632.5,0
632.75,0
633,0
633.25,0
633.5,0
633.75,0
634,0
634.25,0
634.5,0
634.75,0
635,0
635.25,0
635.5,0
635.75,0
636,0
636.25,0
636.5,0
636.75,0
637,0
637.25,0
637.5,0
637.75,0
638,0
638.25,0
638.5,0
638.75,0
639,0
639.25,0
639.5,0
639.75,0
640,0
640.25,0
640.5,0
640.75,0
641,0
641.25,0
641.5,0
641.75,0
642,0
642.25,0
642.5,0
642.75,0
643,0
643.25,0
643.5,0
643.75,0
644,0
644.25,0
644.5,0
644.75,0
645,0
645.25,0
645.5,0
645.75,0
646,0
646.25,0
646.5,0
646.75,0
647,0
647.25,0
647.5,0
647.75,0
648,0
648.25,0
648.5,0
648.75,0
649,0
649.25,0
649.5,0
649.75,0
650,0
650.25,0
650.5,0
650.75,0
651,0
651.25,0
651.5,0
651.75,0
652,0
652.25,0
652.5,0
652.75,0
653,0
653.25,0
653.5,0
653.75,0
654,0
654.25,0
654.5,0
654.75,0
655,0
655.25,0
655.5,0
655.75,0
656,0
656.25,0
656.5,0
656.75,0
657,0
657.25,0
657.5,0
657.75,0
658,0
658.25,0
658.5,0
658.75,0
659,0
659.25,0
659.5,0
659.75,0
660,0
660.25,0
660.5,0
660.75,0
661,0
661.25,0
661.5,0
661.75,0
662,0
662.25,0
662.5,0
662.75,0
663,0
663.25,0
663.5,0
663.75,0
664,0
664.25,0
664.5,0
664.75,0
665,0
665.25,0
665.5,0
665.75,0
666,0
666.25,0
666.5,0
666.75,0
667,0
667.25,0
667.5,0
667.75,0
668,0
668.25,0
668.5,0
668.75,0
669,0
669.25,0
669.5,0
669.75,0
670,0
670.25,0
670.5,0
670.75,0
671,0
671.25,0
671.5,0
671.75,0
672,0
672.25,0
672.5,0
672.75,0
673,0
673.25,0
673.5,0
673.75,0
674,0
674.25,0
674.5,0
674.75,0
675,0
675.25,0
675.5,0
675.75,0
676,0
676.25,0
676.5,0
676.75,0
677,0
677.25,0
677.5,0
677.75,0
678,0
678.25,0
678.5,0
678.75,0
679,0
679.25,0
679.5,0
679.75,0
680,0
680.25,0
680.5,0
680.75,0
681,0
681.25,0
681.5,0
681.75,0
682,0
682.25,0
682.5,0
682.75,0
683,0
683.25,0
683.5,0
683.75,0
684,0
684.25,0
684.5,0
684.75,0
685,0
685.25,0
685.5,0
685.75,0
686,0
686.25,0
686.5,0
686.75,0
687,0
687.25,0
687.5,0
687.75,0
688,0
688.25,0
688.5,0
688.75,0
689,0
689.25,0
689.5,0
689.75,0
690,0
690.25,0
690.5,0
690.75,0
691,0
691.25,0
691.5,0
691.75,0
692,0
692.25,0
692.5,0
692.75,0
693,0
693.25,0
693.5,0
693.75,0
694,0
694.25,0
694.5,0
694.75,0
695,0
695.25,0
695.5,0
695.75,0
696,0
696.25,0
696.5,0
696.75,0
697,0
697.25,0
697.5,0
697.75,0
698,0
698.25,0
698.5,0
698.75,0
699,0
699.25,0
699.5,0
699.75,0
