Time,num_cumulative_hospitalizations
0,0
0.25,0
0.5,0
0.75,0
1,0
1.25,1
1.5,1
1.75,2
2,2
2.25,2
2.5,2
2.75,2
3,2
3.25,2
3.5,2
3.75,2
4,2
4.25,2
4.5,2
4.75,3
5,6
5.25,6
5.5,6
5.75,6
6,6
6.25,6
6.5,6
6.75,6
7,6
7.25,6
7.5,6
7.75,6
8,6
8.25,7
8.5,7
8.75,7
9,8
9.25,8
9.5,8
9.75,8
10,8
10.25,8
10.5,9
10.75,9
11,9
11.25,9
11.5,11
11.75,15
12,15
12.25,16
12.5,16
12.75,17
13,17
13.25,18
13.5,18
13.75,19
14,19
14.25,20
14.5,21
14.75,22
15,23
15.25,24
15.5,28
15.75,30
16,31
16.25,34
16.5,38
16.75,40
17,42
17.25,43
17.5,48
17.75,50
18,52
18.25,54
18.5,55
18.75,59
19,60
19.25,64
19.5,68
19.75,72
20,76
20.25,81
20.5,82
20.75,86
21,90
21.25,96
21.5,101
21.75,112
22,120
22.25,122
22.5,124
22.75,135
23,140
23.25,147
23.5,155
23.75,163
24,175
24.25,189
24.5,205
24.75,224
25,240
25.25,254
25.5,269
25.75,291
26,296
26.25,313
26.5,323
26.75,341
27,362
27.25,390
27.5,409
27.75,436
28,459
28.25,478
28.5,507
28.75,542
29,569
29.25,602
29.5,643
29.75,674
30,716
30.25,752
30.5,800
30.75,837
31,867
31.25,911
31.5,950
31.75,1001
32,1036
32.25,1077
32.5,1115
32.75,1165
33,1229
33.25,1302
33.5,1369
33.75,1436
34,1514
34.25,1588
34.5,1669
34.75,1744
35,1808
35.25,1893
35.5,1995
35.75,2104
36,2217
36.25,2352
36.5,2464
36.75,2554
37,2687
37.25,2814
37.5,2943
37.75,3077
38,3235
38.25,3391
38.5,3561
38.75,3735
39,3890
39.25,4046
39.5,4208
39.75,4392
40,4574
40.25,4794
40.5,5040
40.75,5256
41,5509
41.25,5749
41.5,6003
41.75,6219
42,6479
42.25,6736
42.5,7020
42.75,7333
43,7643
43.25,7949
43.5,8251
43.75,8592
44,8922
44.25,9234
44.5,9569
44.75,9888
45,10214
45.25,10552
45.5,10888
45.75,11295
46,11688
46.25,12081
46.5,12464
46.75,12882
47,13268
47.25,13655
47.5,14030
47.75,14441
48,14799
48.25,15194
48.5,15594
48.75,15992
49,16439
49.25,16830
49.5,17244
49.75,17655
50,18043
50.25,18405
50.5,18801
50.75,19197
51,19633
51.25,20015
51.5,20446
51.75,20813
52,21171
52.25,21574
52.5,21956
52.75,22365
53,22768
53.25,23140
53.5,23503
53.75,23872
54,24194
54.25,24544
54.5,24866
54.75,25241
55,25570
55.25,25883
55.5,26219
55.75,26541
56,26861
56.25,27164
56.5,27478
56.75,27785
57,28060
57.25,28328
57.5,28637
57.75,28939
58,29238
58.25,29523
58.5,29768
58.75,30024
59,30274
59.25,30491
59.5,30741
59.75,30983
60,31182
60.25,31420
60.5,31634
60.75,31836
61,32037
61.25,32246
61.5,32411
61.75,32601
62,32783
62.25,32949
62.5,33102
62.75,33265
63,33428
63.25,33582
63.5,33763
63.75,33911
64,34055
64.25,34190
64.5,34336
64.75,34462
65,34595
65.25,34719
65.5,34833
65.75,34954
66,35064
66.25,35179
66.5,35275
66.75,35384
67,35475
67.25,35587
67.5,35684
67.75,35766
68,35871
68.25,35967
68.5,36062
68.75,36165
69,36250
69.25,36332
69.5,36410
69.75,36479
70,36548
70.25,36614
70.5,36670
70.75,36725
71,36787
71.25,36844
71.5,36895
71.75,36950
72,36999
72.25,37046
72.5,37102
72.75,37135
73,37189
73.25,37234
73.5,37268
73.75,37319
74,37354
74.25,37400
74.5,37430
74.75,37458
75,37505
75.25,37538
75.5,37577
75.75,37608
76,37647
76.25,37672
76.5,37708
76.75,37732
77,37758
77.25,37781
77.5,37802
77.75,37823
78,37843
78.25,37857
78.5,37882
78.75,37898
79,37918
79.25,37937
79.5,37952
79.75,37972
80,37988
80.25,38006
80.5,38020
80.75,38029
81,38043
81.25,38056
81.5,38066
81.75,38079
82,38096
82.25,38113
82.5,38121
82.75,38124
83,38132
83.25,38136
83.5,38139
83.75,38148
84,38152
84.25,38163
84.5,38172
84.75,38181
85,38191
85.25,38195
85.5,38200
85.75,38207
86,38211
86.25,38214
86.5,38219
86.75,38228
87,38235
87.25,38238
87.5,38241
87.75,38248
88,38256
88.25,38263
88.5,38267
88.75,38271
89,38277
89.25,38281
89.5,38284
89.75,38287
90,38291
90.25,38297
90.5,38299
90.75,38301
91,38303
91.25,38308
91.5,38310
91.75,38311
92,38313
92.25,38317
92.5,38321
92.75,38324
93,38326
93.25,38329
93.5,38332
93.75,38332
94,38333
94.25,38334
94.5,38334
94.75,38337
95,38340
95.25,38341
95.5,38341
95.75,38343
96,38343
96.25,38345
96.5,38347
96.75,38347
97,38347
97.25,38348
97.5,38349
97.75,38349
98,38349
98.25,38350
98.5,38351
98.75,38351
99,38352
99.25,38353
99.5,38354
99.75,38355
100,38357
100.25,38357
100.5,38358
100.75,38358
101,38359
101.25,38359
101.5,38359
101.75,38360
102,38360
102.25,38361
102.5,38362
102.75,38363
103,38363
103.25,38364
103.5,38364
103.75,38364
104,38364
104.25,38364
104.5,38365
104.75,38365
105,38366
105.25,38366
105.5,38367
105.75,38367
106,38368
106.25,38369
106.5,38369
106.75,38369
107,38369
107.25,38370
107.5,38370
107.75,38370
108,38371
108.25,38371
108.5,38371
108.75,38371
109,38371
109.25,38371
109.5,38372
109.75,38372
110,38372
110.25,38372
110.5,38372
110.75,38372
111,38372
111.25,38372
111.5,38372
111.75,38372
112,38372
112.25,38372
112.5,38372
112.75,38372
113,38372
113.25,38373
113.5,38373
113.75,38373
114,38373
114.25,38373
114.5,38373
114.75,38373
115,38373
115.25,38373
115.5,38373
115.75,38373
116,38373
116.25,38373
116.5,38373
116.75,38373
117,38373
117.25,38373
117.5,38373
117.75,38374
118,38374
118.25,38374
118.5,38374
118.75,38374
119,38374
119.25,38374
119.5,38374
119.75,38374
120,38374
120.25,38374
120.5,38374
120.75,38374
121,38374
121.25,38374
121.5,38374
121.75,38374
122,38374
122.25,38374
122.5,38374
122.75,38374
123,38374
123.25,38374
123.5,38374
123.75,38374
124,38374
124.25,38374
124.5,38374
124.75,38374
125,38374
125.25,38374
125.5,38374
125.75,38374
126,38374
126.25,38374
126.5,38374
126.75,38374
127,38374
127.25,38374
127.5,38374
127.75,38374
128,38374
128.25,38374
128.5,38374
128.75,38375
129,38375
129.25,38375
129.5,38375
129.75,38375
130,38375
130.25,38375
130.5,38375
130.75,38375
131,38375
131.25,38375
131.5,38375
131.75,38375
132,38375
132.25,38375
132.5,38375
132.75,38375
133,38375
133.25,38375
133.5,38375
133.75,38375
134,38375
134.25,38375
134.5,38375
134.75,38375
135,38375
135.25,38375
135.5,38375
135.75,38375
136,38375
136.25,38375
136.5,38375
136.75,38375
137,38375
137.25,38375
137.5,38375
137.75,38375
138,38375
138.25,38375
138.5,38375
138.75,38375
139,38375
139.25,38375
139.5,38375
139.75,38375
140,38375
140.25,38375
140.5,38375
140.75,38375
141,38375
141.25,38375
141.5,38375
141.75,38375
142,38375
142.25,38375
142.5,38375
142.75,38375
143,38375
143.25,38375
143.5,38375
143.75,38375
144,38375
144.25,38375
144.5,38375
144.75,38375
145,38375
145.25,38375
145.5,38375
145.75,38375
146,38375
146.25,38375
146.5,38375
146.75,38375
147,38375
147.25,38375
147.5,38375
147.75,38375
148,38375
148.25,38375
148.5,38375
148.75,38375
149,38375
149.25,38375
149.5,38375
149.75,38375
150,38375
150.25,38375
150.5,38375
150.75,38375
151,38375
151.25,38375
151.5,38375
151.75,38375
152,38375
152.25,38375
152.5,38375
152.75,38375
153,38375
153.25,38375
153.5,38375
153.75,38375
154,38375
154.25,38375
154.5,38375
154.75,38375
155,38375
155.25,38375
155.5,38375
155.75,38375
156,38375
156.25,38375
156.5,38375
156.75,38375
157,38375
157.25,38375
157.5,38375
157.75,38375
158,38375
158.25,38375
158.5,38375
158.75,38375
159,38375
159.25,38375
159.5,38375
159.75,38375
160,38375
160.25,38375
160.5,38375
160.75,38375
161,38375
161.25,38375
161.5,38375
161.75,38375
162,38375
162.25,38375
162.5,38375
162.75,38375
163,38375
163.25,38375
163.5,38375
163.75,38375
164,38375
164.25,38375
164.5,38375
164.75,38375
165,38375
165.25,38375
165.5,38375
165.75,38375
166,38375
166.25,38375
166.5,38375
166.75,38375
167,38375
167.25,38375
167.5,38375
167.75,38375
168,38375
168.25,38375
168.5,38375
168.75,38375
169,38375
169.25,38375
169.5,38375
169.75,38375
170,38375
170.25,38375
170.5,38375
170.75,38375
171,38375
171.25,38375
171.5,38375
171.75,38375
172,38375
172.25,38375
172.5,38375
172.75,38375
173,38375
173.25,38375
173.5,38375
173.75,38375
174,38375
174.25,38375
174.5,38375
174.75,38375
175,38375
175.25,38375
175.5,38375
175.75,38375
176,38375
176.25,38375
176.5,38375
176.75,38375
177,38375
177.25,38375
177.5,38375
177.75,38375
178,38375
178.25,38375
178.5,38375
178.75,38375
179,38375
179.25,38375
179.5,38375
179.75,38375
180,38375
180.25,38375
180.5,38375
180.75,38375
181,38375
181.25,38375
181.5,38375
181.75,38375
182,38375
182.25,38375
182.5,38375
182.75,38375
183,38375
183.25,38375
183.5,38375
183.75,38375
184,38375
184.25,38375
184.5,38375
184.75,38375
185,38375
185.25,38375
185.5,38375
185.75,38375
186,38375
186.25,38375
186.5,38375
186.75,38375
187,38375
187.25,38375
187.5,38375
187.75,38375
188,38375
188.25,38375
188.5,38375
188.75,38375
189,38375
189.25,38375
189.5,38375
189.75,38375
190,38375
190.25,38375
190.5,38375
190.75,38375
191,38375
191.25,38375
191.5,38375
191.75,38375
192,38375
192.25,38375
192.5,38375
192.75,38375
193,38375
193.25,38375
193.5,38375
193.75,38375
194,38375
194.25,38375
194.5,38375
194.75,38375
195,38375
195.25,38375
195.5,38375
195.75,38375
196,38375
196.25,38375
196.5,38375
196.75,38375
197,38375
197.25,38375
197.5,38375
197.75,38375
198,38375
198.25,38375
198.5,38375
198.75,38375
199,38375
199.25,38375
199.5,38375
199.75,38375
200,38375
200.25,38375
200.5,38375
200.75,38375
201,38375
201.25,38375
201.5,38375
201.75,38375
202,38375
202.25,38375
202.5,38375
202.75,38375
203,38375
203.25,38375
203.5,38375
203.75,38375
204,38375
204.25,38375
204.5,38375
204.75,38375
205,38375
205.25,38375
205.5,38375
205.75,38375
206,38375
206.25,38375
206.5,38375
206.75,38375
207,38375
207.25,38375
207.5,38375
207.75,38375
208,38375
208.25,38375
208.5,38375
208.75,38375
209,38375
209.25,38375
209.5,38375
209.75,38375
210,38375
210.25,38375
210.5,38375
210.75,38375
211,38375
211.25,38375
211.5,38375
211.75,38375
212,38375
212.25,38375
212.5,38375
212.75,38375
213,38375
213.25,38375
213.5,38375
213.75,38375
214,38375
214.25,38375
214.5,38375
214.75,38375
215,38375
215.25,38375
215.5,38375
215.75,38375
216,38375
216.25,38375
216.5,38375
216.75,38375
217,38375
217.25,38375
217.5,38375
217.75,38375
218,38375
218.25,38375
218.5,38375
218.75,38375
219,38375
219.25,38375
219.5,38375
219.75,38375
220,38375
220.25,38375
220.5,38375
220.75,38375
221,38375
221.25,38375
221.5,38375
221.75,38375
222,38375
222.25,38375
222.5,38375
222.75,38375
223,38375
223.25,38375
223.5,38375
223.75,38375
224,38375
224.25,38375
224.5,38375
224.75,38375
225,38375
225.25,38375
225.5,38375
225.75,38375
226,38375
226.25,38375
226.5,38375
226.75,38375
227,38375
227.25,38375
227.5,38375
227.75,38375
228,38375
228.25,38375
228.5,38375
228.75,38375
229,38375
229.25,38375
229.5,38375
229.75,38375
230,38375
230.25,38375
230.5,38375
230.75,38375
231,38375
231.25,38375
231.5,38375
231.75,38375
232,38375
232.25,38375
232.5,38375
232.75,38375
233,38375
233.25,38375
233.5,38375
233.75,38375
234,38375
234.25,38375
234.5,38375
234.75,38375
235,38375
235.25,38375
235.5,38375
235.75,38375
236,38375
236.25,38375
236.5,38375
236.75,38375
237,38375
237.25,38375
237.5,38375
237.75,38375
238,38375
238.25,38375
238.5,38375
238.75,38375
239,38375
239.25,38375
239.5,38375
239.75,38375
240,38375
240.25,38375
240.5,38375
240.75,38375
241,38375
241.25,38375
241.5,38375
241.75,38375
242,38375
242.25,38375
242.5,38375
242.75,38375
243,38375
243.25,38375
243.5,38375
243.75,38375
244,38375
244.25,38375
244.5,38375
244.75,38375
245,38375
245.25,38375
245.5,38375
245.75,38375
246,38375
246.25,38375
246.5,38375
246.75,38375
247,38375
247.25,38375
247.5,38375
247.75,38375
248,38375
248.25,38375
248.5,38375
248.75,38375
249,38375
249.25,38375
249.5,38375
249.75,38375
250,38375
250.25,38375
250.5,38375
250.75,38375
251,38375
251.25,38375
251.5,38375
251.75,38375
252,38375
252.25,38375
252.5,38375
252.75,38375
253,38375
253.25,38375
253.5,38375
253.75,38375
254,38375
254.25,38375
254.5,38375
254.75,38375
255,38375
255.25,38375
255.5,38375
255.75,38375
256,38375
256.25,38375
256.5,38375
256.75,38375
257,38375
257.25,38375
257.5,38375
257.75,38375
258,38375
258.25,38375
258.5,38375
258.75,38375
259,38375
259.25,38375
259.5,38375
259.75,38375
260,38375
260.25,38375
260.5,38375
260.75,38375
261,38375
261.25,38375
261.5,38375
261.75,38375
262,38375
262.25,38375
262.5,38375
262.75,38375
263,38375
263.25,38375
263.5,38375
263.75,38375
264,38375
264.25,38375
264.5,38375
264.75,38375
265,38375
265.25,38375
265.5,38375
265.75,38375
266,38375
266.25,38375
266.5,38375
266.75,38375
267,38375
267.25,38375
267.5,38375
267.75,38375
268,38375
268.25,38375
268.5,38375
268.75,38375
269,38375
269.25,38375
269.5,38375
269.75,38375
270,38375
270.25,38375
270.5,38375
270.75,38375
271,38375
271.25,38375
271.5,38375
271.75,38375
272,38375
272.25,38375
272.5,38375
272.75,38375
273,38375
273.25,38375
273.5,38375
273.75,38375
274,38375
274.25,38375
274.5,38375
274.75,38375
275,38375
275.25,38375
275.5,38375
275.75,38375
276,38375
276.25,38375
276.5,38375
276.75,38375
277,38375
277.25,38375
277.5,38375
277.75,38375
278,38375
278.25,38375
278.5,38375
278.75,38375
279,38375
279.25,38375
279.5,38375
279.75,38375
280,38375
280.25,38375
280.5,38375
280.75,38375
281,38375
281.25,38375
281.5,38375
281.75,38375
282,38375
282.25,38375
282.5,38375
282.75,38375
283,38375
283.25,38375
283.5,38375
283.75,38375
284,38375
284.25,38375
284.5,38375
284.75,38375
285,38375
285.25,38375
285.5,38375
285.75,38375
286,38375
286.25,38375
286.5,38375
286.75,38375
287,38375
287.25,38375
287.5,38375
287.75,38375
288,38375
288.25,38375
288.5,38375
288.75,38375
289,38375
289.25,38375
289.5,38375
289.75,38375
290,38375
290.25,38375
290.5,38375
290.75,38375
291,38375
291.25,38375
291.5,38375
291.75,38375
292,38375
292.25,38375
292.5,38375
292.75,38375
293,38375
293.25,38375
293.5,38375
293.75,38375
294,38375
294.25,38375
294.5,38375
294.75,38375
295,38375
295.25,38375
295.5,38375
295.75,38375
296,38375
296.25,38375
296.5,38375
296.75,38375
297,38375
297.25,38375
297.5,38375
297.75,38375
298,38375
298.25,38375
298.5,38375
298.75,38375
299,38375
299.25,38375
299.5,38375
299.75,38375
300,38375
300.25,38375
300.5,38375
300.75,38375
301,38375
301.25,38375
301.5,38375
301.75,38375
302,38375
302.25,38375
302.5,38375
302.75,38375
303,38375
303.25,38375
303.5,38375
303.75,38375
304,38375
304.25,38375
304.5,38375
304.75,38375
305,38375
305.25,38375
305.5,38375
305.75,38375
306,38375
306.25,38375
306.5,38375
306.75,38375
307,38375
307.25,38375
307.5,38375
307.75,38375
308,38375
308.25,38375
308.5,38375
308.75,38375
309,38375
309.25,38375
309.5,38375
309.75,38375
310,38375
310.25,38375
310.5,38375
310.75,38375
311,38375
311.25,38375
311.5,38375
311.75,38375
312,38375
312.25,38375
312.5,38375
312.75,38375
313,38375
313.25,38375
313.5,38375
313.75,38375
314,38375
314.25,38375
314.5,38375
314.75,38375
315,38375
315.25,38375
315.5,38375
315.75,38375
316,38375
316.25,38375
316.5,38375
316.75,38375
317,38375
317.25,38375
317.5,38375
317.75,38375
318,38375
318.25,38375
318.5,38375
318.75,38375
319,38375
319.25,38375
319.5,38375
319.75,38375
320,38375
320.25,38375
320.5,38375
320.75,38375
321,38375
321.25,38375
321.5,38375
321.75,38375
322,38375
322.25,38375
322.5,38375
322.75,38375
323,38375
323.25,38375
323.5,38375
323.75,38375
324,38375
324.25,38375
324.5,38375
324.75,38375
325,38375
325.25,38375
325.5,38375
325.75,38375
326,38375
326.25,38375
326.5,38375
326.75,38375
327,38375
327.25,38375
327.5,38375
327.75,38375
328,38375
328.25,38375
328.5,38375
328.75,38375
329,38375
329.25,38375
329.5,38375
329.75,38375
330,38375
330.25,38375
330.5,38375
330.75,38375
331,38375
331.25,38375
331.5,38375
331.75,38375
332,38375
332.25,38375
332.5,38375
332.75,38375
333,38375
333.25,38375
333.5,38375
333.75,38375
334,38375
334.25,38375
334.5,38375
334.75,38375
335,38375
335.25,38375
335.5,38375
335.75,38375
336,38375
336.25,38375
336.5,38375
336.75,38375
337,38375
337.25,38375
337.5,38375
337.75,38375
338,38375
338.25,38375
338.5,38375
338.75,38375
339,38375
339.25,38375
339.5,38375
339.75,38375
340,38375
340.25,38375
340.5,38375
340.75,38375
341,38375
341.25,38375
341.5,38375
341.75,38375
342,38375
342.25,38375
342.5,38375
342.75,38375
343,38375
343.25,38375
343.5,38375
343.75,38375
344,38375
344.25,38375
344.5,38375
344.75,38375
345,38375
345.25,38375
345.5,38375
345.75,38375
346,38375
346.25,38375
346.5,38375
346.75,38375
347,38375
347.25,38375
347.5,38375
347.75,38375
348,38375
348.25,38375
348.5,38375
348.75,38375
349,38375
349.25,38375
349.5,38375
349.75,38375
350,38375
350.25,38375
350.5,38375
350.75,38375
351,38375
351.25,38375
351.5,38375
351.75,38375
352,38375
352.25,38375
352.5,38375
352.75,38375
353,38375
353.25,38375
353.5,38375
353.75,38375
354,38375
354.25,38375
354.5,38375
354.75,38375
355,38375
355.25,38375
355.5,38375
355.75,38375
356,38375
356.25,38375
356.5,38375
356.75,38375
357,38375
357.25,38375
357.5,38375
357.75,38375
358,38375
358.25,38375
358.5,38375
358.75,38375
359,38375
359.25,38375
359.5,38375
359.75,38375
360,38375
360.25,38375
360.5,38375
360.75,38375
361,38375
361.25,38375
361.5,38375
361.75,38375
362,38375
362.25,38375
362.5,38375
362.75,38375
363,38375
363.25,38375
363.5,38375
363.75,38375
364,38375
364.25,38375
364.5,38375
364.75,38375
365,38375
365.25,38375
365.5,38375
365.75,38375
366,38375
366.25,38375
366.5,38375
366.75,38375
367,38375
367.25,38375
367.5,38375
367.75,38375
368,38375
368.25,38375
368.5,38375
368.75,38375
369,38375
369.25,38375
369.5,38375
369.75,38375
370,38375
370.25,38375
370.5,38375
370.75,38375
371,38375
371.25,38375
371.5,38375
371.75,38375
372,38375
372.25,38375
372.5,38375
372.75,38375
373,38375
373.25,38375
373.5,38375
373.75,38375
374,38375
374.25,38375
374.5,38375
374.75,38375
375,38375
375.25,38375
375.5,38375
375.75,38375
376,38375
376.25,38375
376.5,38375
376.75,38375
377,38375
377.25,38375
377.5,38375
377.75,38375
378,38375
378.25,38375
378.5,38375
378.75,38375
379,38375
379.25,38375
379.5,38375
379.75,38375
380,38375
380.25,38375
380.5,38375
380.75,38375
381,38375
381.25,38375
381.5,38375
381.75,38375
382,38375
382.25,38375
382.5,38375
382.75,38375
383,38375
383.25,38375
383.5,38375
383.75,38375
384,38375
384.25,38375
384.5,38375
384.75,38375
385,38375
385.25,38375
385.5,38375
385.75,38375
386,38375
386.25,38375
386.5,38375
386.75,38375
387,38375
387.25,38375
387.5,38375
387.75,38375
388,38375
388.25,38375
388.5,38375
388.75,38375
389,38375
389.25,38375
389.5,38375
389.75,38375
390,38375
390.25,38375
390.5,38375
390.75,38375
391,38375
391.25,38375
391.5,38375
391.75,38375
392,38375
392.25,38375
392.5,38375
392.75,38375
393,38375
393.25,38375
393.5,38375
393.75,38375
394,38375
394.25,38375
394.5,38375
394.75,38375
395,38375
395.25,38375
395.5,38375
395.75,38375
396,38375
396.25,38375
396.5,38375
396.75,38375
397,38375
397.25,38375
397.5,38375
397.75,38375
398,38375
398.25,38375
398.5,38375
398.75,38375
399,38375
399.25,38375
399.5,38375
399.75,38375
400,38375
400.25,38375
400.5,38375
400.75,38375
401,38375
401.25,38375
401.5,38375
401.75,38375
402,38375
402.25,38375
402.5,38375
402.75,38375
403,38375
403.25,38375
403.5,38375
403.75,38375
404,38375
404.25,38375
404.5,38375
404.75,38375
405,38375
405.25,38375
405.5,38375
405.75,38375
406,38375
406.25,38375
406.5,38375
406.75,38375
407,38375
407.25,38375
407.5,38375
407.75,38375
408,38375
408.25,38375
408.5,38375
408.75,38375
409,38375
409.25,38375
409.5,38375
409.75,38375
410,38375
410.25,38375
410.5,38375
410.75,38375
411,38375
411.25,38375
411.5,38375
411.75,38375
412,38375
412.25,38375
412.5,38375
412.75,38375
413,38375
413.25,38375
413.5,38375
413.75,38375
414,38375
414.25,38375
414.5,38375
414.75,38375
415,38375
415.25,38375
415.5,38375
415.75,38375
416,38375
416.25,38375
416.5,38375
416.75,38375
417,38375
417.25,38375
417.5,38375
417.75,38375
418,38375
418.25,38375
418.5,38375
418.75,38375
419,38375
419.25,38375
419.5,38375
419.75,38375
420,38375
420.25,38375
420.5,38375
420.75,38375
421,38375
421.25,38375
421.5,38375
421.75,38375
422,38375
422.25,38375
422.5,38375
422.75,38375
423,38375
423.25,38375
423.5,38375
423.75,38375
424,38375
424.25,38375
424.5,38375
424.75,38375
425,38375
425.25,38375
425.5,38375
425.75,38375
426,38375
426.25,38375
426.5,38375
426.75,38375
427,38375
427.25,38375
427.5,38375
427.75,38375
428,38375
428.25,38375
428.5,38375
428.75,38375
429,38375
429.25,38375
429.5,38375
429.75,38375
430,38375
430.25,38375
430.5,38375
430.75,38375
431,38375
431.25,38375
431.5,38375
431.75,38375
432,38375
432.25,38375
432.5,38375
432.75,38375
433,38375
433.25,38375
433.5,38375
433.75,38375
434,38375
434.25,38375
434.5,38375
434.75,38375
435,38375
435.25,38375
435.5,38375
435.75,38375
436,38375
436.25,38375
436.5,38375
436.75,38375
437,38375
437.25,38375
437.5,38375
437.75,38375
438,38375
438.25,38375
438.5,38375
438.75,38375
439,38375
439.25,38375
439.5,38375
439.75,38375
440,38375
440.25,38375
440.5,38375
440.75,38375
441,38375
441.25,38375
441.5,38375
441.75,38375
442,38375
442.25,38375
442.5,38375
442.75,38375
443,38375
443.25,38375
443.5,38375
443.75,38375
444,38375
444.25,38375
444.5,38375
444.75,38375
445,38375
445.25,38375
445.5,38375
445.75,38375
446,38375
446.25,38375
446.5,38375
446.75,38375
447,38375
447.25,38375
447.5,38375
447.75,38375
448,38375
448.25,38375
448.5,38375
448.75,38375
449,38375
449.25,38375
449.5,38375
449.75,38375
450,38375
450.25,38375
450.5,38375
450.75,38375
451,38375
451.25,38375
451.5,38375
451.75,38375
452,38375
452.25,38375
452.5,38375
452.75,38375
453,38375
453.25,38375
453.5,38375
453.75,38375
454,38375
454.25,38375
454.5,38375
454.75,38375
455,38375
455.25,38375
455.5,38375
455.75,38375
456,38375
456.25,38375
456.5,38375
456.75,38375
457,38375
457.25,38375
457.5,38375
457.75,38375
458,38375
458.25,38375
458.5,38375
458.75,38375
459,38375
459.25,38375
459.5,38375
459.75,38375
460,38375
460.25,38375
460.5,38375
460.75,38375
461,38375
461.25,38375
461.5,38375
461.75,38375
462,38375
462.25,38375
462.5,38375
462.75,38375
463,38375
463.25,38375
463.5,38375
463.75,38375
464,38375
464.25,38375
464.5,38375
464.75,38375
465,38375
465.25,38375
465.5,38375
465.75,38375
466,38375
466.25,38375
466.5,38375
466.75,38375
467,38375
467.25,38375
467.5,38375
467.75,38375
468,38375
468.25,38375
468.5,38375
468.75,38375
469,38375
469.25,38375
469.5,38375
469.75,38375
470,38375
470.25,38375
470.5,38375
470.75,38375
471,38375
471.25,38375
471.5,38375
471.75,38375
472,38375
472.25,38375
472.5,38375
472.75,38375
473,38375
473.25,38375
473.5,38375
473.75,38375
474,38375
474.25,38375
474.5,38375
474.75,38375
475,38375
475.25,38375
475.5,38375
475.75,38375
476,38375
476.25,38375
476.5,38375
476.75,38375
477,38375
477.25,38375
477.5,38375
477.75,38375
478,38375
478.25,38375
478.5,38375
478.75,38375
479,38375
479.25,38375
479.5,38375
479.75,38375
480,38375
480.25,38375
480.5,38375
480.75,38375
481,38375
481.25,38375
481.5,38375
481.75,38375
482,38375
482.25,38375
482.5,38375
482.75,38375
483,38375
483.25,38375
483.5,38375
483.75,38375
484,38375
484.25,38375
484.5,38375
484.75,38375
485,38375
485.25,38375
485.5,38375
485.75,38375
486,38375
486.25,38375
486.5,38375
486.75,38375
487,38375
487.25,38375
487.5,38375
487.75,38375
488,38375
488.25,38375
488.5,38375
488.75,38375
489,38375
489.25,38375
489.5,38375
489.75,38375
490,38375
490.25,38375
490.5,38375
490.75,38375
491,38375
491.25,38375
491.5,38375
491.75,38375
492,38375
492.25,38375
492.5,38375
492.75,38375
493,38375
493.25,38375
493.5,38375
493.75,38375
494,38375
494.25,38375
494.5,38375
494.75,38375
495,38375
495.25,38375
495.5,38375
495.75,38375
496,38375
496.25,38375
496.5,38375
496.75,38375
497,38375
497.25,38375
497.5,38375
497.75,38375
498,38375
498.25,38375
498.5,38375
498.75,38375
499,38375
499.25,38375
499.5,38375
499.75,38375
500,38375
500.25,38375
500.5,38375
500.75,38375
501,38375
501.25,38375
501.5,38375
501.75,38375
502,38375
502.25,38375
502.5,38375
502.75,38375
503,38375
503.25,38375
503.5,38375
503.75,38375
504,38375
504.25,38375
504.5,38375
504.75,38375
505,38375
505.25,38375
505.5,38375
505.75,38375
506,38375
506.25,38375
506.5,38375
506.75,38375
507,38375
507.25,38375
507.5,38375
507.75,38375
508,38375
508.25,38375
508.5,38375
508.75,38375
509,38375
509.25,38375
509.5,38375
509.75,38375
510,38375
510.25,38375
510.5,38375
510.75,38375
511,38375
511.25,38375
511.5,38375
511.75,38375
512,38375
512.25,38375
512.5,38375
512.75,38375
513,38375
513.25,38375
513.5,38375
513.75,38375
514,38375
514.25,38375
514.5,38375
514.75,38375
515,38375
515.25,38375
515.5,38375
515.75,38375
516,38375
516.25,38375
516.5,38375
516.75,38375
517,38375
517.25,38375
517.5,38375
517.75,38375
518,38375
518.25,38375
518.5,38375
518.75,38375
519,38375
519.25,38375
519.5,38375
519.75,38375
520,38375
520.25,38375
520.5,38375
520.75,38375
521,38375
521.25,38375
521.5,38375
521.75,38375
522,38375
522.25,38375
522.5,38375
522.75,38375
523,38375
523.25,38375
523.5,38375
523.75,38375
524,38375
524.25,38375
524.5,38375
524.75,38375
525,38375
525.25,38375
525.5,38375
525.75,38375
526,38375
526.25,38375
526.5,38375
526.75,38375
527,38375
527.25,38375
527.5,38375
527.75,38375
528,38375
528.25,38375
528.5,38375
528.75,38375
529,38375
529.25,38375
529.5,38375
529.75,38375
530,38375
530.25,38375
530.5,38375
530.75,38375
531,38375
531.25,38375
531.5,38375
531.75,38375
532,38375
532.25,38375
532.5,38375
532.75,38375
533,38375
533.25,38375
533.5,38375
533.75,38375
534,38375
534.25,38375
534.5,38375
534.75,38375
535,38375
535.25,38375
535.5,38375
535.75,38375
536,38375
536.25,38375
536.5,38375
536.75,38375
537,38375
537.25,38375
537.5,38375
537.75,38375
538,38375
538.25,38375
538.5,38375
538.75,38375
539,38375
539.25,38375
539.5,38375
539.75,38375
540,38375
540.25,38375
540.5,38375
540.75,38375
541,38375
541.25,38375
541.5,38375
541.75,38375
542,38375
542.25,38375
542.5,38375
542.75,38375
543,38375
543.25,38375
543.5,38375
543.75,38375
544,38375
544.25,38375
544.5,38375
544.75,38375
545,38375
545.25,38375
545.5,38375
545.75,38375
546,38375
546.25,38375
546.5,38375
546.75,38375
547,38375
547.25,38375
547.5,38375
547.75,38375
548,38375
548.25,38375
548.5,38375
548.75,38375
549,38375
549.25,38375
549.5,38375
549.75,38375
550,38375
550.25,38375
550.5,38375
550.75,38375
551,38375
551.25,38375
551.5,38375
551.75,38375
552,38375
552.25,38375
552.5,38375
552.75,38375
553,38375
553.25,38375
553.5,38375
553.75,38375
554,38375
554.25,38375
554.5,38375
554.75,38375
555,38375
555.25,38375
555.5,38375
555.75,38375
556,38375
556.25,38375
556.5,38375
556.75,38375
557,38375
557.25,38375
557.5,38375
557.75,38375
558,38375
558.25,38375
558.5,38375
558.75,38375
559,38375
559.25,38375
559.5,38375
559.75,38375
560,38375
560.25,38375
560.5,38375
560.75,38375
561,38375
561.25,38375
561.5,38375
561.75,38375
562,38375
562.25,38375
562.5,38375
562.75,38375
563,38375
563.25,38375
563.5,38375
563.75,38375
564,38375
564.25,38375
564.5,38375
564.75,38375
565,38375
565.25,38375
565.5,38375
565.75,38375
566,38375
566.25,38375
566.5,38375
566.75,38375
567,38375
567.25,38375
567.5,38375
567.75,38375
568,38375
568.25,38375
568.5,38375
568.75,38375
569,38375
569.25,38375
569.5,38375
569.75,38375
570,38375
570.25,38375
570.5,38375
570.75,38375
571,38375
571.25,38375
571.5,38375
571.75,38375
572,38375
572.25,38375
572.5,38375
572.75,38375
573,38375
573.25,38375
573.5,38375
573.75,38375
574,38375
574.25,38375
574.5,38375
574.75,38375
575,38375
575.25,38375
575.5,38375
575.75,38375
576,38375
576.25,38375
576.5,38375
576.75,38375
577,38375
577.25,38375
577.5,38375
577.75,38375
578,38375
578.25,38375
578.5,38375
578.75,38375
579,38375
579.25,38375
579.5,38375
579.75,38375
580,38375
580.25,38375
580.5,38375
580.75,38375
581,38375
581.25,38375
581.5,38375
581.75,38375
582,38375
582.25,38375
582.5,38375
582.75,38375
583,38375
583.25,38375
583.5,38375
583.75,38375
584,38375
584.25,38375
584.5,38375
584.75,38375
585,38375
585.25,38375
585.5,38375
585.75,38375
586,38375
586.25,38375
586.5,38375
586.75,38375
587,38375
587.25,38375
587.5,38375
587.75,38375
588,38375
588.25,38375
588.5,38375
588.75,38375
589,38375
589.25,38375
589.5,38375
589.75,38375
590,38375
590.25,38375
590.5,38375
590.75,38375
591,38375
591.25,38375
591.5,38375
591.75,38375
592,38375
592.25,38375
592.5,38375
592.75,38375
593,38375
593.25,38375
593.5,38375
593.75,38375
594,38375
594.25,38375
594.5,38375
594.75,38375
595,38375
595.25,38375
595.5,38375
595.75,38375
596,38375
596.25,38375
596.5,38375
596.75,38375
597,38375
597.25,38375
597.5,38375
597.75,38375
598,38375
598.25,38375
598.5,38375
598.75,38375
599,38375
599.25,38375
599.5,38375
599.75,38375
600,38375
600.25,38375
600.5,38375
600.75,38375
601,38375
601.25,38375
601.5,38375
601.75,38375
602,38375
602.25,38375
602.5,38375
602.75,38375
603,38375
603.25,38375
603.5,38375
603.75,38375
604,38375
604.25,38375
604.5,38375
604.75,38375
605,38375
605.25,38375
605.5,38375
605.75,38375
606,38375
606.25,38375
606.5,38375
606.75,38375
607,38375
607.25,38375
607.5,38375
607.75,38375
608,38375
608.25,38375
608.5,38375
608.75,38375
609,38375
609.25,38375
609.5,38375
609.75,38375
610,38375
610.25,38375
610.5,38375
610.75,38375
611,38375
611.25,38375
611.5,38375
611.75,38375
612,38375
612.25,38375
612.5,38375
612.75,38375
613,38375
613.25,38375
613.5,38375
613.75,38375
614,38375
614.25,38375
614.5,38375
614.75,38375
615,38375
615.25,38375
615.5,38375
615.75,38375
616,38375
616.25,38375
616.5,38375
616.75,38375
617,38375
617.25,38375
617.5,38375
617.75,38375
618,38375
618.25,38375
618.5,38375
618.75,38375
619,38375
619.25,38375
619.5,38375
619.75,38375
620,38375
620.25,38375
620.5,38375
620.75,38375
621,38375
621.25,38375
621.5,38375
621.75,38375
622,38375
622.25,38375
622.5,38375
622.75,38375
623,38375
623.25,38375
623.5,38375
623.75,38375
624,38375
624.25,38375
624.5,38375
624.75,38375
625,38375
625.25,38375
625.5,38375
625.75,38375
626,38375
626.25,38375
626.5,38375
626.75,38375
627,38375
627.25,38375
627.5,38375
627.75,38375
628,38375
628.25,38375
628.5,38375
628.75,38375
629,38375
629.25,38375
629.5,38375
629.75,38375
630,38375
630.25,38375
630.5,38375
630.75,38375
631,38375
631.25,38375
631.5,38375
631.75,38375
632,38375
632.25,38375
632.5,38375
632.75,38375
633,38375
633.25,38375
633.5,38375
633.75,38375
634,38375
634.25,38375
634.5,38375
634.75,38375
635,38375
635.25,38375
635.5,38375
635.75,38375
636,38375
636.25,38375
636.5,38375
636.75,38375
637,38375
637.25,38375
637.5,38375
637.75,38375
638,38375
638.25,38375
638.5,38375
638.75,38375
639,38375
639.25,38375
639.5,38375
639.75,38375
640,38375
640.25,38375
640.5,38375
640.75,38375
641,38375
641.25,38375
641.5,38375
641.75,38375
642,38375
642.25,38375
642.5,38375
642.75,38375
643,38375
643.25,38375
643.5,38375
643.75,38375
644,38375
644.25,38375
644.5,38375
644.75,38375
645,38375
645.25,38375
645.5,38375
645.75,38375
646,38375
646.25,38375
646.5,38375
646.75,38375
647,38375
647.25,38375
647.5,38375
647.75,38375
648,38375
648.25,38375
648.5,38375
648.75,38375
649,38375
649.25,38375
649.5,38375
649.75,38375
650,38375
650.25,38375
650.5,38375
650.75,38375
651,38375
651.25,38375
651.5,38375
651.75,38375
652,38375
652.25,38375
652.5,38375
652.75,38375
653,38375
653.25,38375
653.5,38375
653.75,38375
654,38375
654.25,38375
654.5,38375
654.75,38375
655,38375
655.25,38375
655.5,38375
655.75,38375
656,38375
656.25,38375
656.5,38375
656.75,38375
657,38375
657.25,38375
657.5,38375
657.75,38375
658,38375
658.25,38375
658.5,38375
658.75,38375
659,38375
659.25,38375
659.5,38375
659.75,38375
660,38375
660.25,38375
660.5,38375
660.75,38375
661,38375
661.25,38375
661.5,38375
661.75,38375
662,38375
662.25,38375
662.5,38375
662.75,38375
663,38375
663.25,38375
663.5,38375
663.75,38375
664,38375
664.25,38375
664.5,38375
664.75,38375
665,38375
665.25,38375
665.5,38375
665.75,38375
666,38375
666.25,38375
666.5,38375
666.75,38375
667,38375
667.25,38375
667.5,38375
667.75,38375
668,38375
668.25,38375
668.5,38375
668.75,38375
669,38375
669.25,38375
669.5,38375
669.75,38375
670,38375
670.25,38375
670.5,38375
670.75,38375
671,38375
671.25,38375
671.5,38375
671.75,38375
672,38375
672.25,38375
672.5,38375
672.75,38375
673,38375
673.25,38375
673.5,38375
673.75,38375
674,38375
674.25,38375
674.5,38375
674.75,38375
675,38375
675.25,38375
675.5,38375
675.75,38375
676,38375
676.25,38375
676.5,38375
676.75,38375
677,38375
677.25,38375
677.5,38375
677.75,38375
678,38375
678.25,38375
678.5,38375
678.75,38375
679,38375
679.25,38375
679.5,38375
679.75,38375
680,38375
680.25,38375
680.5,38375
680.75,38375
681,38375
681.25,38375
681.5,38375
681.75,38375
682,38375
682.25,38375
682.5,38375
682.75,38375
683,38375
683.25,38375
683.5,38375
683.75,38375
684,38375
684.25,38375
684.5,38375
684.75,38375
685,38375
685.25,38375
685.5,38375
685.75,38375
686,38375
686.25,38375
686.5,38375
686.75,38375
687,38375
687.25,38375
687.5,38375
687.75,38375
688,38375
688.25,38375
688.5,38375
688.75,38375
689,38375
689.25,38375
689.5,38375
689.75,38375
690,38375
690.25,38375
690.5,38375
690.75,38375
691,38375
691.25,38375
691.5,38375
691.75,38375
692,38375
692.25,38375
692.5,38375
692.75,38375
693,38375
693.25,38375
693.5,38375
693.75,38375
694,38375
694.25,38375
694.5,38375
694.75,38375
695,38375
695.25,38375
695.5,38375
695.75,38375
696,38375
696.25,38375
696.5,38375
696.75,38375
697,38375
697.25,38375
697.5,38375
697.75,38375
698,38375
698.25,38375
698.5,38375
698.75,38375
699,38375
699.25,38375
699.5,38375
699.75,38375
