wardNo,1,2,3,4,5,6,7,8,9,10,11,12,13,14,15,16,17,18,19,20,21,22,23,24,25,26,27,28,29,30,31,32,33,34,35,36,37,38,39,40,41,42,43,44,45,46,47,48,49,50,51,52
1,0.01659751,0.0,0.01659751,0.0,0.049792531,0.091286307,0.0,0.0,0.0,0.0,0.0,0.004149378,0.0,0.004149378,0.012448133,0.049792531,0.033195021,0.053941909,0.012448133,0.070539419,0.307053942,0.0,0.0,0.004149378,0.01659751,0.112033195,0.024896266,0.0,0.0,0.004149378,0.008298755,0.008298755,0.0,0.0,0.0,0.01659751,0.0,0.004149378,0.0,0.0,0.0,0.0,0.074688797,0.0,0.0,0.0,0.0,0.0,0.004149378,0.0,0.0,0.0
2,0.0,0.190141137,0.164935226,0.012665039,0.011547535,0.006084185,0.00041389,0.001655561,0.001448616,0.000910558,0.003021398,0.011381979,0.001738339,0.00463557,0.004470014,0.008236414,0.009146972,0.006249741,0.006953355,0.040312901,0.006456686,0.079798022,0.006332519,0.024833409,0.020818675,0.002690286,0.021315343,0.008526137,0.005380572,0.023798684,0.013699764,0.017962833,0.00922975,0.056040727,0.0037664,0.017259219,0.008733082,0.013658375,0.002276396,0.001117503,0.01345143,0.003393899,0.106742271,0.005173627,0.001324448,0.00211084,0.001283059,0.006249741,0.007822524,0.000703613,0.014237821,0.007863913
3,0.0,0.05619187,0.308115168,0.008195545,0.010190607,0.016075324,0.000502354,0.00130612,0.001033414,0.001191296,0.001349179,0.006946837,0.001334826,0.005425422,0.005612011,0.020768745,0.007693191,0.005583305,0.006415777,0.089462051,0.007994603,0.022103571,0.00275577,0.033916064,0.069009071,0.002640946,0.024098634,0.005769893,0.003301183,0.021328511,0.01324779,0.017898151,0.009056723,0.033629004,0.004923068,0.013649673,0.008941899,0.009056723,0.002540475,0.000932943,0.008296016,0.002526122,0.09250488,0.0028993,0.001277414,0.001377885,0.001090826,0.005999541,0.007291308,0.000373177,0.009602136,0.006573659
4,0.0,0.039646234,0.052881976,0.205062519,0.004940531,0.010856969,0.000243977,0.000914913,0.000975907,0.000914913,0.001097896,0.097041781,0.024885636,0.055931686,0.067215615,0.00463556,0.003232693,0.002195791,0.002134797,0.015919488,0.002378774,0.097163769,0.012137847,0.064531869,0.027203416,0.00115889,0.011588899,0.005916438,0.002866728,0.01652943,0.006465386,0.011344922,0.00347667,0.037511436,0.001646844,0.009271119,0.007502287,0.009515096,0.001219884,0.000914913,0.006892345,0.001951815,0.043610857,0.002927722,0.00115889,0.001463861,0.000853919,0.003171699,0.004025618,0.000670936,0.008112229,0.004086612
5,0.0,0.006866506,0.049154709,0.003977838,0.191646541,0.007245347,0.000236776,0.00108917,0.000615618,0.000805039,0.001278591,0.005398494,0.000710328,0.001941564,0.001041815,0.030591467,0.044655964,0.081308898,0.0290761,0.167400672,0.032580385,0.011744092,0.001799498,0.003078089,0.006866506,0.013401525,0.020504807,0.006961216,0.003078089,0.030544111,0.011933513,0.019036795,0.008666004,0.029407586,0.005493205,0.012170289,0.006440309,0.013259459,0.001752143,0.001704788,0.007671544,0.002415116,0.090211678,0.002699247,0.001657432,0.001752143,0.002130985,0.005824691,0.006677085,0.000520907,0.007860965,0.005114363
6,8.49041e-05,0.00752816,0.071262806,0.005914983,0.008037584,0.484349352,0.000283014,0.00042452,0.000141507,0.000283014,0.000990547,0.014178978,0.000820739,0.013358239,0.021197713,0.046159506,0.005292353,0.004867833,0.008405502,0.042593536,0.01695251,0.004782929,0.000764137,0.009226241,0.089488878,0.010131884,0.011688459,0.003113149,0.000849041,0.010188487,0.00752816,0.008405502,0.004499915,0.011886568,0.004726326,0.007160242,0.00356597,0.005886681,0.000650931,0.000566027,0.002773533,0.001301862,0.034216336,0.001386766,0.000339616,0.000650931,0.000566027,0.003084847,0.002575423,0.000113205,0.002801834,0.001952793
7,0.0,0.000194989,0.005654675,0.001949888,0.001072438,9.74944e-05,0.143414254,0.097884372,0.02417861,0.206200643,0.017451497,0.002339865,9.74944e-05,0.001169933,0.0,0.000487472,0.001657405,0.000682461,0.001169933,0.001754899,0.0,0.002632349,0.003607293,0.000194989,9.74944e-05,0.0,0.013844204,0.009944428,0.011699327,0.011114361,0.007019596,0.023106171,0.009456956,0.009846934,0.002339865,0.045724871,0.075168178,0.040265185,0.007507068,0.001072438,0.007799552,0.063468851,0.009456956,0.000487472,0.064151311,0.014331676,0.009749439,0.006824608,0.017354002,0.002047382,0.007507068,0.014721654
8,0.0,0.000496278,0.006253102,0.001290323,0.001439206,0.000496278,0.059007444,0.214739454,0.022382134,0.05707196,0.069330025,0.002729529,0.000397022,0.000843672,0.000148883,0.000545906,0.000794045,0.00044665,0.000694789,0.003523573,0.001588089,0.004565757,0.002531017,0.000397022,0.000595533,0.000496278,0.020347395,0.016923077,0.01955335,0.010521092,0.009181141,0.023325062,0.011116625,0.018114144,0.003126551,0.070818859,0.103573201,0.031612903,0.003225806,0.001389578,0.012704715,0.036724566,0.015186104,0.002034739,0.025210918,0.009826303,0.006898263,0.007593052,0.013101737,0.002679901,0.011563275,0.060843672
9,0.0,0.000162059,0.003079117,0.000259294,0.000615823,0.000162059,0.012186821,0.01769682,0.309694357,0.124785272,0.009107704,0.000939941,0.000226882,0.000939941,3.24118e-05,0.000453765,0.001199235,0.000810294,0.000518588,0.002495705,0.000486176,0.001717823,0.001037176,0.000259294,0.000324118,0.000291706,0.015168703,0.005477587,0.00424594,0.007422293,0.006968528,0.042815934,0.022428937,0.007065763,0.00350047,0.018215409,0.016756879,0.029883642,0.022947525,0.00129647,0.004537646,0.029267818,0.009853175,0.000810294,0.030467053,0.045895051,0.113246686,0.008880822,0.040579522,0.010566233,0.004083882,0.008135352
10,0.0,0.000669548,0.003560777,0.000365208,0.000639114,0.000334774,0.051403007,0.0418163,0.066346095,0.353429911,0.016069146,0.001491265,3.0434e-05,0.001339096,0.0,0.00045651,0.000273906,0.000426076,0.000547812,0.002769493,0.000395642,0.001734737,0.000395642,0.000182604,0.00076085,9.1302e-05,0.016921298,0.009191065,0.006269402,0.006421572,0.008734555,0.038894638,0.014090937,0.010104084,0.003865117,0.032229594,0.027634062,0.034055633,0.010621462,0.001095624,0.004747702,0.046137927,0.008430215,0.001156492,0.057763711,0.034268671,0.017651713,0.00633027,0.035029521,0.003469475,0.007395459,0.011960558
11,0.0,0.002513352,0.013760603,0.001445178,0.003393025,0.001759347,0.013823437,0.09198869,0.015331448,0.02972039,0.149167452,0.006094879,0.001256676,0.002073516,6.28338e-05,0.001445178,0.003707194,0.000879673,0.001508011,0.007854226,0.001759347,0.008671065,0.005026704,0.000942507,0.001508011,0.00131951,0.024128181,0.019541313,0.02262017,0.01206409,0.008796733,0.030160226,0.015457116,0.035752435,0.006974552,0.082312284,0.079798932,0.030474395,0.0044612,0.000565504,0.018850141,0.023562677,0.030662897,0.003455859,0.015582784,0.009236569,0.006220547,0.005717876,0.011749921,0.003016023,0.021426327,0.110398995
12,0.0,0.010713602,0.020968051,0.052496652,0.003405395,0.007461259,0.00053568,0.000841783,0.001262675,0.000994835,0.001415726,0.412397169,0.057700402,0.133728716,0.021848096,0.003252344,0.004515018,0.001989669,0.001645303,0.010369237,0.001989669,0.042356993,0.00520375,0.009297876,0.00440023,0.00214272,0.012626746,0.004094127,0.003214081,0.01936101,0.004553281,0.010101397,0.003290606,0.031872967,0.002716663,0.009450928,0.004553281,0.008953511,0.000918309,0.001186149,0.006657739,0.001913143,0.034436579,0.002487086,0.000994835,0.001224412,0.001033097,0.002640138,0.004438492,0.000688732,0.008456093,0.00520375
13,0.0,0.012044778,0.022814227,0.100751027,0.00432195,0.005384724,0.000566813,0.001912994,0.002338104,0.002054697,0.002267252,0.218364744,0.199447357,0.062987105,0.009494119,0.002338104,0.00389684,0.002408956,0.002479807,0.012399036,0.001204478,0.05583109,0.02253082,0.004888763,0.005738983,0.001487884,0.015020547,0.003755137,0.004959615,0.021113788,0.0086439,0.013603514,0.004251098,0.046266119,0.002834065,0.01211563,0.005526428,0.006801757,0.001912994,0.00042511,0.008856455,0.003188324,0.045203344,0.003684285,0.002054697,0.001842143,0.000921071,0.003330027,0.004392801,0.0,0.013674366,0.005668131
14,5.51542e-05,0.014505543,0.029011086,0.067398378,0.004081408,0.018421488,0.000165462,0.000496387,0.001268546,0.001213391,0.000827312,0.310903977,0.026253378,0.214053279,0.065909216,0.002426783,0.001930395,0.002040704,0.001709779,0.009707131,0.005625724,0.033478573,0.002868016,0.020682808,0.00717004,0.003143787,0.010424135,0.003198941,0.002702554,0.013236997,0.004191716,0.006894269,0.004081408,0.025646682,0.002206166,0.008052507,0.005129336,0.007445811,0.000772158,0.000110308,0.006287574,0.000717004,0.030334786,0.002095858,0.000827312,0.000496387,0.000275771,0.002757708,0.004688103,0.000496387,0.006728807,0.004853566
15,0.0,0.025646506,0.055674289,0.057490917,0.00480872,0.059734986,0.0,0.000427442,0.00010686,0.000427442,0.000213721,0.134537294,0.015067322,0.128125668,0.252831802,0.006732208,0.003740115,0.002030348,0.003419534,0.018486856,0.008869417,0.016029066,0.001175465,0.058025219,0.016563368,0.007693952,0.006518487,0.001602907,0.001389186,0.012609532,0.004274418,0.005556743,0.003205813,0.015174183,0.000427442,0.004060697,0.002564651,0.002885232,0.000534302,0.00010686,0.001175465,0.000534302,0.046484292,0.000748023,0.0,0.000748023,0.000641163,0.002244069,0.000748023,0.00010686,0.005129301,0.002671511
16,0.000200113,0.007537605,0.078744622,0.001967782,0.026081446,0.063769469,0.000366875,0.000833806,0.000700397,0.000733749,0.001100624,0.005069539,0.000700397,0.002001134,0.002267952,0.233732448,0.012573792,0.009338625,0.015141914,0.169295934,0.060867825,0.008037888,0.000833806,0.004969483,0.036253877,0.010872828,0.020178101,0.005002835,0.003602041,0.016109129,0.01314078,0.017910149,0.009305273,0.024247073,0.005703232,0.013040723,0.006136811,0.010572658,0.001067271,0.001067271,0.005169596,0.002201247,0.063502652,0.002768235,0.000566988,0.001267385,0.00060034,0.005102892,0.006503685,0.000466931,0.006203515,0.004569256
17,0.000749493,0.003659289,0.041662993,0.00141081,0.036769244,0.006745437,0.00061723,0.000484966,0.000661317,0.001102196,0.000969932,0.003791553,0.000661317,0.002336655,0.00061723,0.011639185,0.330835023,0.088351997,0.140287453,0.066484437,0.02248479,0.006789525,0.00101402,0.002468918,0.00546689,0.041795256,0.012432766,0.002557094,0.002513006,0.011683273,0.006128207,0.011462834,0.002997972,0.023234283,0.003571114,0.007671281,0.006260471,0.007318579,0.001939864,0.000793581,0.004320607,0.002601182,0.049642889,0.002116216,0.000925844,0.001234459,0.000308615,0.002865708,0.00405608,0.000793581,0.006789525,0.003923816
18,0.0,0.004879111,0.047353518,0.002091048,0.078980614,0.008146373,8.7127e-05,0.000740579,0.000348508,0.000435635,0.001045524,0.003920714,0.00087127,0.002962318,0.000304944,0.018253104,0.122805489,0.274406447,0.055194947,0.091047702,0.024047049,0.010193858,0.000304944,0.001524722,0.005140492,0.014114572,0.019995644,0.005227619,0.002483119,0.021302548,0.013896755,0.019342191,0.009888913,0.018862993,0.004661294,0.010542365,0.005489,0.008930516,0.001132651,0.000914833,0.003790024,0.002221738,0.058331518,0.002221738,0.000827706,0.001176214,0.00174254,0.005096929,0.003354389,0.000566325,0.005576127,0.003223699
19,0.000367802,0.004623792,0.047761665,0.001944094,0.040931063,0.004676335,0.000367802,0.000577974,0.000735603,0.001471206,0.000788146,0.003940731,0.000840689,0.001996637,0.000735603,0.01686633,0.117486339,0.041509037,0.275483396,0.090952081,0.048654897,0.010035729,0.001313577,0.000998319,0.004571248,0.082072299,0.013818831,0.004150904,0.002942413,0.011874737,0.00919504,0.010456074,0.006883144,0.025168138,0.002522068,0.012452711,0.008459437,0.008617066,0.001523749,0.001208491,0.007040773,0.001891551,0.047393863,0.002101723,0.000893232,0.000998319,0.000735603,0.00273224,0.004991593,0.000367802,0.005832282,0.004045818
20,0.000127774,0.010311386,0.118089008,0.003002696,0.048285908,0.009915286,0.000472765,0.001252188,0.00094553,0.001060527,0.001584401,0.006746483,0.000792201,0.002427712,0.001213856,0.050879726,0.020405556,0.023574358,0.023932126,0.242873388,0.052885783,0.013786847,0.002363825,0.004906533,0.01730064,0.016240113,0.025644302,0.006835925,0.004037668,0.02103165,0.015396803,0.020150007,0.008918646,0.031432478,0.005174859,0.014297944,0.008266997,0.010733041,0.001878282,0.001188301,0.008790872,0.00313047,0.100596706,0.00278548,0.002006057,0.002006057,0.001073304,0.005379298,0.007474797,0.000919975,0.008969756,0.006503712
21,0.001101091,0.006108431,0.059563758,0.002595428,0.04760906,0.024853188,0.000288381,0.000996225,0.00044568,0.000550545,0.001048658,0.004456795,0.00081271,0.0019138,0.002228398,0.109139052,0.021104237,0.01871854,0.026714555,0.162987626,0.219903523,0.008651426,0.001232173,0.00199245,0.015729866,0.026714555,0.016988255,0.004614094,0.003748951,0.016385277,0.012321728,0.017643666,0.005767617,0.024040478,0.005007341,0.012347945,0.00626573,0.012583893,0.001074874,0.001887584,0.004378146,0.00199245,0.059485109,0.002595428,0.001074874,0.00081271,0.000471896,0.003041107,0.006790059,0.000340814,0.006921141,0.003958683
22,0.0,0.063457473,0.062546756,0.055651325,0.007903724,0.003838022,0.001235973,0.001984062,0.001886486,0.001723858,0.003577818,0.037794763,0.005854611,0.018734754,0.002634575,0.003350138,0.006505123,0.003415189,0.003382664,0.02254025,0.003610343,0.217563832,0.021076598,0.019125061,0.008586762,0.0026671,0.021954789,0.008879493,0.005073996,0.034867458,0.008716865,0.020556188,0.007513417,0.089543015,0.004553586,0.024524313,0.012132054,0.012912669,0.002764677,0.001398601,0.01958042,0.004033176,0.06888925,0.004195804,0.001463653,0.002114165,0.001691332,0.004651163,0.009074646,0.001008294,0.027874451,0.019385266
23,0.0,0.011418205,0.032440508,0.024970654,0.006509444,0.002561093,0.002134244,0.004268488,0.002561093,0.002134244,0.005549034,0.019208195,0.015686693,0.009283961,0.002347668,0.002134244,0.004588624,0.004481912,0.0043752,0.018781347,0.002454381,0.090918792,0.147689681,0.008003415,0.003734927,0.002027532,0.021769288,0.0087504,0.007683278,0.026251201,0.010991356,0.015579981,0.009177249,0.065628001,0.005122185,0.042471454,0.026144488,0.01504642,0.002027532,0.000533561,0.05826486,0.006616156,0.059331982,0.00778999,0.002454381,0.002240956,0.002561093,0.007149717,0.004588624,0.000640273,0.074058265,0.086863729
24,0.0,0.08754302,0.152379445,0.051782112,0.00403497,0.016456347,0.00027691,0.000712053,0.001147197,0.000474702,0.000712053,0.023735116,0.002650421,0.016337672,0.0596147,0.008544642,0.00403497,0.003283358,0.004153645,0.024328494,0.003283358,0.039400293,0.004074528,0.181652755,0.075794137,0.001819692,0.015981645,0.005854662,0.003995411,0.014636655,0.011036829,0.014636655,0.005300843,0.027058032,0.004470114,0.010799478,0.005933779,0.008030381,0.000712053,0.000870288,0.005775545,0.003204241,0.066418767,0.003046007,0.000988963,0.001424107,0.00106808,0.00537996,0.004747023,0.000791171,0.005182167,0.004430555
25,3.38673e-05,0.019405967,0.194567684,0.019033427,0.006129983,0.118535578,0.000237071,0.001083754,0.000304806,0.000338673,0.000440275,0.012226098,0.001557896,0.006299319,0.026247164,0.02516341,0.004572087,0.003115792,0.003962475,0.042537339,0.007247604,0.010329529,0.00226911,0.048497985,0.275544417,0.003996342,0.016594981,0.002777119,0.00125309,0.012124496,0.008466827,0.011514885,0.00565584,0.013546923,0.003962475,0.007518542,0.004301148,0.007281471,0.001422427,0.000474142,0.003217394,0.001964304,0.0440275,0.002099773,0.000575744,0.001456294,0.001117621,0.005317167,0.004368883,0.000237071,0.002743252,0.002302977
26,0.001781238,0.002572899,0.035690724,0.001187492,0.02506927,0.021902626,0.000197915,0.000395831,0.000659718,0.000197915,0.000593746,0.006135374,0.000857633,0.002111096,0.002770814,0.024739412,0.076527246,0.023354004,0.149623961,0.094933369,0.107138145,0.005409685,0.001913181,0.001319435,0.008180499,0.249835071,0.007916612,0.005145798,0.00224304,0.010225623,0.008378414,0.008510358,0.004156221,0.021506795,0.001187492,0.009763821,0.005475656,0.003826362,0.001253464,0.000197915,0.003232616,0.001715266,0.042089985,0.002309012,0.000659718,0.000329859,6.59718e-05,0.001979153,0.004683995,0.000923605,0.004288165,0.002836786
27,0.0,0.002558822,0.021937215,0.002153155,0.005055233,0.001872309,0.001217001,0.004056669,0.002933283,0.004337515,0.001497847,0.005304874,0.000312051,0.002839668,0.000624103,0.002340386,0.003900643,0.002309181,0.002839668,0.018317419,0.003370155,0.005866567,0.001997129,0.001435437,0.001841103,0.001060975,0.166978718,0.034481683,0.024308806,0.064438619,0.104256381,0.126037571,0.052518255,0.030425014,0.022561318,0.050677152,0.015009674,0.029020783,0.008394183,0.005304874,0.008768645,0.010048056,0.053423204,0.001997129,0.004399925,0.004399925,0.005960182,0.037758223,0.019846471,0.002277975,0.00649067,0.008238158
28,0.0,0.002850808,0.013484773,0.001538531,0.003982081,0.000859767,0.001357527,0.00543011,0.002715055,0.003529571,0.003077062,0.003529571,0.000452509,0.002353048,0.000633513,0.001945789,0.002262546,0.002217295,0.002398299,0.01036246,0.001900538,0.005384859,0.001040771,0.00099552,0.001357527,0.00099552,0.089958822,0.157427938,0.081858908,0.044843658,0.032761663,0.086881759,0.032761663,0.071858455,0.010000453,0.053486583,0.017240599,0.103624598,0.007556903,0.002307797,0.012127246,0.015249559,0.033530929,0.00149328,0.007873659,0.004389339,0.004525092,0.017376352,0.018552876,0.00294131,0.004208335,0.008507172
29,0.0,0.001215362,0.009753281,0.001701507,0.002309188,0.000577297,0.002552261,0.007140253,0.002795333,0.003190326,0.00434492,0.002704181,0.000303841,0.001428051,9.11522e-05,0.001640739,0.002066116,0.001519203,0.00224842,0.007413709,0.001549587,0.005924891,0.001458435,0.001245746,0.00112421,0.001245746,0.055116675,0.088113758,0.171214147,0.029199076,0.019081186,0.050680603,0.021572679,0.076658969,0.007899854,0.105128828,0.026251823,0.093005591,0.009996354,0.001701507,0.035701264,0.023973019,0.032693243,0.001549587,0.011150948,0.007778318,0.00577297,0.015192027,0.023547642,0.002339572,0.007352941,0.009783666
30,0.0,0.004377824,0.025111197,0.00283683,0.009771302,0.00311701,0.001646062,0.003187056,0.002311491,0.002241446,0.001155745,0.008545512,0.001330858,0.003502259,0.000735474,0.004272756,0.005848772,0.005183343,0.003887507,0.023570203,0.003957553,0.010366687,0.001996288,0.002521626,0.003397191,0.001926242,0.108429937,0.036388471,0.024200609,0.19258922,0.032851189,0.076209155,0.023920429,0.076209155,0.015129759,0.025636536,0.009666235,0.027527755,0.008160263,0.004412846,0.009316009,0.007109586,0.123874899,0.000280181,0.003957553,0.004447869,0.00283683,0.016320527,0.018456905,0.001856197,0.007249676,0.006163976
31,6.3597e-05,0.00193971,0.015326889,0.001049351,0.003307047,0.001494531,0.000508776,0.00257568,0.002448486,0.002066904,0.000953956,0.001876113,0.000286187,0.00171712,0.0,0.002384889,0.00130374,0.001907911,0.003116255,0.012147036,0.002130501,0.003275248,0.00085856,0.001399135,0.002289494,0.00130374,0.098861613,0.015326889,0.010684304,0.021082422,0.26186085,0.080863648,0.098511829,0.01421394,0.05065505,0.030017807,0.007345459,0.024325871,0.010525312,0.010875095,0.006614093,0.005755533,0.026678962,0.001271941,0.002893666,0.003052658,0.003466039,0.118290511,0.01767998,0.001494531,0.004865174,0.005055965
32,1.83093e-05,0.001647839,0.010289836,0.001501364,0.002709779,0.001245034,0.001226724,0.002453449,0.004174524,0.005273083,0.001776004,0.003350605,0.00053097,0.001739385,0.000164784,0.001501364,0.001629529,0.001684457,0.001959097,0.010491239,0.001556292,0.004540711,0.001007012,0.000988703,0.001684457,0.000640826,0.058937693,0.032315946,0.016881191,0.027427358,0.037534101,0.309610561,0.105534907,0.021916253,0.015196734,0.022776791,0.007616676,0.090521266,0.019645898,0.004504092,0.006609664,0.012596811,0.028214658,0.000952085,0.007891316,0.009063112,0.006664592,0.031144149,0.047530989,0.004375927,0.003588626,0.005163228
33,0.0,0.000708254,0.008934895,0.000762735,0.001607192,0.000653773,0.000844457,0.001988559,0.003105421,0.003868156,0.001307546,0.002696813,0.000245165,0.00103514,0.000163443,0.000599292,0.001089621,0.001062381,0.000898938,0.004739853,0.001198583,0.002615091,0.000762735,0.000463089,0.000735494,0.000245165,0.049632253,0.01073277,0.008744211,0.019313539,0.092617815,0.147207845,0.219150095,0.014682648,0.044265868,0.020103514,0.007300463,0.036584037,0.023181694,0.011985835,0.003895396,0.007981476,0.019585944,0.000953419,0.004630891,0.007872514,0.006265323,0.14696268,0.043176246,0.003132661,0.003241624,0.004467448
34,0.0,0.012493483,0.031564593,0.008562949,0.007640476,0.001644407,0.001363655,0.003088277,0.001965267,0.001403762,0.002566879,0.01301488,0.002306181,0.007239402,0.000741989,0.003529459,0.005574941,0.003689889,0.004652469,0.024345245,0.003509405,0.048429792,0.005815586,0.002988008,0.002747363,0.002827578,0.029659487,0.035374804,0.04327598,0.064031605,0.012874504,0.032306582,0.010548269,0.253459271,0.005976016,0.036277223,0.012974772,0.030842658,0.004933221,0.001343601,0.050254683,0.007279509,0.094673726,0.001824891,0.003950588,0.002747363,0.002446557,0.006978703,0.011390527,0.001965267,0.025889384,0.01301488
35,0.0,0.001638776,0.012763544,0.000756358,0.0021115,0.001103022,0.000378179,0.001827865,0.001449686,0.001701806,0.001323627,0.002615739,0.000472724,0.000913933,3.15149e-05,0.001260597,0.000756358,0.001764836,0.002332104,0.007847216,0.0021115,0.003435127,0.000535754,0.000472724,0.001953925,0.000819388,0.056947465,0.009328417,0.005294507,0.018751379,0.085247865,0.0587123,0.076455202,0.013929596,0.271091362,0.018782894,0.00601935,0.023037408,0.006996313,0.073681888,0.0021115,0.007311462,0.025873751,0.000787873,0.003687246,0.002741798,0.003529671,0.15199647,0.015347767,0.002647253,0.004380574,0.002930888
36,0.0,0.00205732,0.009451449,0.001201801,0.001853625,0.000916628,0.003198012,0.014686412,0.00368688,0.004196118,0.009125537,0.002118428,0.000611085,0.001466604,0.000285173,0.001099953,0.002546188,0.00124254,0.002301754,0.007862628,0.001670299,0.006253437,0.003849836,0.001283279,0.001161062,0.000875889,0.032163445,0.027661785,0.071945084,0.01431976,0.012914265,0.030574624,0.01558267,0.039781639,0.00533681,0.284521215,0.084187155,0.044486994,0.005703461,0.001894364,0.063776913,0.04383517,0.022080541,0.009879209,0.017558511,0.009084798,0.005846047,0.007210804,0.014279021,0.001812886,0.018169596,0.030391298
37,0.0,0.00131291,0.011582786,0.001283735,0.001546317,0.000846098,0.01079504,0.044259664,0.008869438,0.009744712,0.021473377,0.002800875,0.000379285,0.001371262,0.000262582,0.001225383,0.001721371,0.001137856,0.001750547,0.006943837,0.001225383,0.005747629,0.003851204,0.000991977,0.00131291,0.000671043,0.026112327,0.020043764,0.027629468,0.011816193,0.012720642,0.027162655,0.013508388,0.027308534,0.004347192,0.149292487,0.165485047,0.032326769,0.005893508,0.001283735,0.046097739,0.072706054,0.020743982,0.011874544,0.034310722,0.011203501,0.00837345,0.008344274,0.014500365,0.002888403,0.021239971,0.079679066
38,1.86449e-05,0.001044114,0.006078234,0.00083902,0.002088228,0.001025469,0.003150986,0.002889958,0.005518887,0.006525711,0.001771264,0.002032293,0.000261028,0.001286497,7.45796e-05,0.001025469,0.001528881,0.001249208,0.001230563,0.005407018,0.001211918,0.002945893,0.000950889,0.000727151,0.000540702,0.000428832,0.019744938,0.040795018,0.049427602,0.013759928,0.012827684,0.124305478,0.037718611,0.025543499,0.010459783,0.030577619,0.010329269,0.30437782,0.028899579,0.002703509,0.008315621,0.049968304,0.018104188,0.000466122,0.021777231,0.016034605,0.009900436,0.015382034,0.079949286,0.007737629,0.003449305,0.005593467
39,0.0,0.000770289,0.008390646,0.000577717,0.001210454,0.000742779,0.002283356,0.002118294,0.009903714,0.006795048,0.001072902,0.002145805,0.000137552,0.001623109,8.25309e-05,0.000522696,0.001072902,0.001265475,0.001100413,0.005777166,0.000797799,0.002310867,0.000770289,0.000550206,0.000577717,0.000577717,0.019559835,0.010563961,0.01127923,0.013232462,0.012572215,0.07568088,0.041100413,0.016066025,0.009738652,0.019367263,0.007537827,0.087235213,0.257001376,0.003218707,0.005061898,0.012324622,0.019202201,0.000770289,0.0130674,0.034140303,0.046409904,0.016341128,0.124016506,0.084099037,0.00352132,0.003713893
40,0.0,0.003227542,0.012506724,0.000672405,0.000672405,0.002824099,0.000806885,0.001613771,0.001748252,0.000672405,0.000941366,0.001210328,0.000403443,0.000537924,0.0,0.000672405,0.000941366,0.001613771,0.002555137,0.006051641,0.001075847,0.005782679,0.000537924,0.000134481,0.000941366,0.000806885,0.035368478,0.007530931,0.00591716,0.014120495,0.070199032,0.076788596,0.067105971,0.012237762,0.286982249,0.017482517,0.006858526,0.023399677,0.007665412,0.146584185,0.004303389,0.005379236,0.021785906,0.001748252,0.005782679,0.004303389,0.007127488,0.091581495,0.017616998,0.003630984,0.00591716,0.003630984
41,0.0,0.004423889,0.021181044,0.004792546,0.004055232,0.001742744,0.002077887,0.005797976,0.002547088,0.002949259,0.00512769,0.004759032,0.00170923,0.002580602,0.000536229,0.002111402,0.004088746,0.001407601,0.002144916,0.011931095,0.00194383,0.017058784,0.012165695,0.002513573,0.002077887,0.001240029,0.020477244,0.01484684,0.029056907,0.018835043,0.010355922,0.018633957,0.00777532,0.098263959,0.003720088,0.130806354,0.050237952,0.02285676,0.003519003,0.001508144,0.254842818,0.013506267,0.038910115,0.0189691,0.006367719,0.003485488,0.004256317,0.00583149,0.010020779,0.000804343,0.060292245,0.028855821
42,0.0,0.000465292,0.005060052,0.000901503,0.000988746,0.000290808,0.018931573,0.01573269,0.013348068,0.026201762,0.00462384,0.000988746,0.000145404,0.000872423,2.90808e-05,0.00037805,0.000436211,0.000610696,0.000959665,0.002530026,0.000436211,0.00191933,0.00191933,0.000436211,0.00078518,0.000174485,0.01765202,0.016837758,0.025009451,0.008317097,0.011574141,0.040538576,0.018379039,0.011341495,0.004943729,0.079041498,0.060022683,0.115886818,0.01113793,0.000930584,0.011370576,0.232471574,0.01384244,0.001832088,0.114461861,0.033064821,0.015500044,0.010701719,0.026027278,0.003547852,0.006106959,0.010294588
43,3.10559e-05,0.01742236,0.082453416,0.004689441,0.020279503,0.005062112,0.000900621,0.002360248,0.002220497,0.001521739,0.002282609,0.006956522,0.00173913,0.004223602,0.000947205,0.008338509,0.011552795,0.009953416,0.007686335,0.083198758,0.008198758,0.020745342,0.003493789,0.00673913,0.007841615,0.004534161,0.042080745,0.01128882,0.009689441,0.07318323,0.021661491,0.028416149,0.01318323,0.06871118,0.009767081,0.015263975,0.007981366,0.016568323,0.004145963,0.002562112,0.012251553,0.00492236,0.281599379,0.00173913,0.002453416,0.002919255,0.001987578,0.01015528,0.011723602,0.001428571,0.011723602,0.007220497
44,0.0,0.003875969,0.011074197,0.00110742,0.002214839,0.00055371,0.00166113,0.004429679,0.004429679,0.002214839,0.012735327,0.00166113,0.0,0.002214839,0.0,0.002768549,0.0,0.0,0.003322259,0.004429679,0.00166113,0.005537099,0.002768549,0.002214839,0.00166113,0.00055371,0.018272425,0.011074197,0.019933555,0.007198228,0.008305648,0.018272425,0.013289037,0.021040975,0.002768549,0.305647841,0.123477298,0.018272425,0.006644518,0.00055371,0.100221484,0.016057586,0.007751938,0.142303433,0.007751938,0.00166113,0.004429679,0.006090808,0.008859358,0.00110742,0.018826135,0.03709856
45,0.0,0.000655831,0.005275164,0.000826918,0.000627317,0.000513259,0.015711434,0.009096094,0.022583405,0.04562304,0.003450242,0.001482749,0.000342173,0.000513259,0.000142572,0.000484745,0.001226119,0.000741374,0.001454234,0.003621329,0.000541774,0.00259481,0.001055033,0.000342173,0.000627317,0.000342173,0.01685201,0.013487311,0.016481323,0.007014542,0.012974052,0.042800114,0.019560878,0.014200171,0.005731394,0.049130311,0.03966353,0.076874822,0.02067294,0.001397206,0.009409752,0.135471913,0.016709438,0.000998004,0.207100086,0.076047904,0.029170231,0.007670374,0.040062732,0.006957514,0.004476761,0.009210151
46,0.0,0.000694517,0.005417231,0.000659791,0.000902872,0.000625065,0.006736813,0.004028197,0.043893461,0.033788242,0.00267389,0.001041775,0.000486162,0.000486162,0.000104178,0.000868146,0.000763968,0.000868146,0.000451436,0.003125326,0.000798694,0.001979373,0.000590339,0.000486162,0.000555613,0.000381984,0.017710178,0.008889815,0.010174671,0.009306525,0.014445949,0.053443067,0.028162656,0.012744383,0.005139424,0.031044901,0.017536549,0.068097371,0.042782234,0.002326631,0.009028718,0.047852207,0.015348821,0.000520888,0.087960551,0.193943814,0.089766295,0.010139945,0.089002327,0.014515401,0.003021148,0.004687988
47,0.0,0.000517749,0.003041776,0.000614827,0.000388312,0.000550108,0.003365369,0.00330065,0.060835518,0.012652493,0.001262013,0.000744264,3.23593e-05,0.000258875,6.47186e-05,0.00048539,0.000420671,0.000679546,0.001035498,0.001973918,0.000420671,0.001585607,0.000355952,0.000647186,0.000355952,0.0,0.017829984,0.006310067,0.005468725,0.005145132,0.012458337,0.04837718,0.022198492,0.007507362,0.00520985,0.021745462,0.010872731,0.04504417,0.069151862,0.003171213,0.004012555,0.024107692,0.010096107,0.000906061,0.024625441,0.080995373,0.354075656,0.010322622,0.042617222,0.065657056,0.002524027,0.003980196
48,0.0,0.001136299,0.008209761,0.000426112,0.001477189,0.000880632,0.00045452,0.001136299,0.001903301,0.002414636,0.000653372,0.001676041,0.000170445,0.001391966,8.52224e-05,0.001164707,0.000482927,0.001534004,0.000965854,0.00653372,0.000710187,0.001704449,0.00045452,0.000397705,0.001363559,0.000255667,0.048037043,0.00934606,0.005141753,0.014402591,0.089682404,0.074768479,0.1409579,0.008408613,0.11607295,0.017328561,0.005454236,0.029600591,0.01249929,0.021902165,0.002783933,0.00585194,0.015141185,0.001249929,0.002556673,0.004403159,0.002840748,0.304016817,0.021646497,0.002272598,0.003636157,0.002414636
49,2.66944e-05,0.00114786,0.00723419,0.00114786,0.002162249,0.000774138,0.002722832,0.003470276,0.012145965,0.012119271,0.001548277,0.002882998,0.000266944,0.001254638,0.000133472,0.00072075,0.002909693,0.000987694,0.001041083,0.007367662,0.00072075,0.003390192,0.001361416,0.000533889,0.00072075,0.000453805,0.022530098,0.012626465,0.015109047,0.013827714,0.014655241,0.097621526,0.047943194,0.017191212,0.011024799,0.021328849,0.008035023,0.148901524,0.092442807,0.003523665,0.005739302,0.018552628,0.021088599,0.000347028,0.029977844,0.046581778,0.021088599,0.015829796,0.217639679,0.019246683,0.00301647,0.00488508
50,0.0,0.001205503,0.004751099,0.000496383,0.000921855,0.00035456,0.002269182,0.001134591,0.019217132,0.007445752,0.000425472,0.00184371,0.000212736,0.00035456,0.000141824,0.000567295,0.00184371,0.000992767,0.000709119,0.002907389,0.000496383,0.002481917,0.00035456,0.001063679,0.001347327,7.09119e-05,0.013189618,0.005956602,0.006949369,0.013827826,0.01212594,0.053680329,0.025102822,0.011274996,0.006523897,0.020564459,0.007091193,0.057580485,0.171535952,0.003332861,0.003829244,0.014678769,0.016593391,0.000567295,0.014466033,0.03680329,0.130832506,0.01212594,0.069493689,0.231385619,0.001630974,0.005247483
51,0.0,0.00679601,0.032555081,0.005590266,0.006412364,0.001973035,0.001370163,0.005864299,0.002411487,0.002904746,0.011399759,0.0083854,0.002027842,0.007398882,0.001370163,0.004494136,0.005151814,0.003178779,0.00411049,0.023183163,0.003617231,0.032171435,0.031184917,0.002027842,0.003891264,0.002192261,0.024005261,0.008933465,0.010139209,0.026635975,0.01074208,0.022306259,0.01074208,0.101720925,0.003617231,0.064452483,0.064233257,0.018524608,0.002192261,0.001096131,0.115641785,0.010468048,0.063411159,0.013811246,0.003836457,0.003836457,0.003617231,0.005754686,0.008166173,0.001041324,0.125178121,0.064233257
52,0.0,0.002365701,0.015922987,0.002511283,0.00276605,0.001273839,0.004549425,0.02096375,0.003803319,0.008498326,0.032228126,0.006605765,0.000800699,0.002565876,0.000254768,0.000582326,0.002438492,0.001328432,0.002474887,0.007934197,0.001474014,0.01068205,0.016578105,0.000727908,0.001837968,0.000545931,0.024585092,0.013120542,0.00822536,0.016814675,0.011919493,0.02025404,0.009189838,0.038269763,0.003366574,0.063091425,0.06123526,0.022565148,0.002911632,0.000691513,0.026204688,0.013721066,0.030990683,0.004858786,0.005441112,0.003694133,0.003311981,0.004076285,0.007533848,0.001146455,0.036686563,0.414379822
