Time,num_cumulative_infective
0,0
0.25,1
0.5,1
0.75,1
1,1
1.25,3
1.5,4
1.75,4
2,4
2.25,4
2.5,5
2.75,5
3,6
3.25,6
3.5,6
3.75,6
4,6
4.25,6
4.5,6
4.75,6
5,7
5.25,7
5.5,8
5.75,8
6,8
6.25,8
6.5,8
6.75,8
7,8
7.25,9
7.5,10
7.75,11
8,11
8.25,12
8.5,12
8.75,13
9,14
9.25,14
9.5,14
9.75,15
10,15
10.25,17
10.5,18
10.75,20
11,22
11.25,24
11.5,30
11.75,33
12,35
12.25,41
12.5,48
12.75,53
13,60
13.25,66
13.5,70
13.75,77
14,84
14.25,91
14.5,97
14.75,105
15,111
15.25,119
15.5,127
15.75,138
16,150
16.25,157
16.5,170
16.75,182
17,194
17.25,203
17.5,222
17.75,237
18,251
18.25,274
18.5,293
18.75,311
19,334
19.25,351
19.5,366
19.75,385
20,409
20.25,441
20.5,463
20.75,490
21,507
21.25,543
21.5,570
21.75,621
22,669
22.25,707
22.5,751
22.75,801
23,853
23.25,892
23.5,953
23.75,1010
24,1077
24.25,1152
24.5,1227
24.75,1293
25,1362
25.25,1449
25.5,1543
25.75,1643
26,1716
26.25,1831
26.5,1939
26.75,2048
27,2179
27.25,2291
27.5,2425
27.75,2565
28,2703
28.25,2867
28.5,3012
28.75,3175
29,3339
29.25,3505
29.5,3681
29.75,3888
30,4126
30.25,4330
30.5,4571
30.75,4820
31,5070
31.25,5321
31.5,5614
31.75,5929
32,6248
32.25,6576
32.5,6904
32.75,7224
33,7593
33.25,7963
33.5,8309
33.75,8739
34,9165
34.25,9578
34.5,10043
34.75,10540
35,11012
35.25,11531
35.5,12055
35.75,12617
36,13208
36.25,13858
36.5,14461
36.75,15124
37,15791
37.25,16480
37.5,17189
37.75,17909
38,18648
38.25,19382
38.5,20160
38.75,20984
39,21850
39.25,22665
39.5,23557
39.75,24451
40,25378
40.25,26257
40.5,27211
40.75,28200
41,29214
41.25,30265
41.5,31279
41.75,32313
42,33402
42.25,34431
42.5,35550
42.75,36678
43,37820
43.25,38972
43.5,40042
43.75,41258
44,42412
44.25,43603
44.5,44782
44.75,45957
45,47113
45.25,48322
45.5,49527
45.75,50731
46,51880
46.25,53051
46.5,54239
46.75,55404
47,56543
47.25,57652
47.5,58765
47.75,59883
48,60955
48.25,62027
48.5,63088
48.75,64073
49,64980
49.25,65969
49.5,66930
49.75,67883
50,68863
50.25,69756
50.5,70656
50.75,71499
51,72266
51.25,73080
51.5,73859
51.75,74628
52,75316
52.25,76040
52.5,76717
52.75,77347
53,78015
53.25,78603
53.5,79162
53.75,79743
54,80303
54.25,80811
54.5,81283
54.75,81768
55,82269
55.25,82723
55.5,83131
55.75,83523
56,83943
56.25,84315
56.5,84670
56.75,85043
57,85361
57.25,85697
57.5,86045
57.75,86329
58,86628
58.25,86906
58.5,87173
58.75,87429
59,87663
59.25,87878
59.5,88096
59.75,88292
60,88483
60.25,88691
60.5,88904
60.75,89051
61,89243
61.25,89397
61.5,89563
61.75,89713
62,89842
62.25,89984
62.5,90104
62.75,90230
63,90359
63.25,90466
63.5,90567
63.75,90661
64,90757
64.25,90844
64.5,90943
64.75,91018
65,91094
65.25,91168
65.5,91236
65.75,91303
66,91370
66.25,91423
66.5,91478
66.75,91534
67,91596
67.25,91664
67.5,91720
67.75,91772
68,91821
68.25,91862
68.5,91906
68.75,91963
69,92008
69.25,92044
69.5,92074
69.75,92110
70,92142
70.25,92174
70.5,92208
70.75,92243
71,92270
71.25,92292
71.5,92311
71.75,92328
72,92355
72.25,92375
72.5,92393
72.75,92416
73,92438
73.25,92453
73.5,92467
73.75,92482
74,92498
74.25,92507
74.5,92516
74.75,92529
75,92544
75.25,92561
75.5,92569
75.75,92579
76,92591
76.25,92602
76.5,92611
76.75,92622
77,92630
77.25,92643
77.5,92652
77.75,92665
78,92677
78.25,92688
78.5,92691
78.75,92699
79,92702
79.25,92705
79.5,92710
79.75,92717
80,92720
80.25,92725
80.5,92728
80.75,92731
81,92738
81.25,92743
81.5,92750
81.75,92754
82,92759
82.25,92764
82.5,92768
82.75,92773
83,92780
83.25,92785
83.5,92789
83.75,92791
84,92792
84.25,92794
84.5,92799
84.75,92800
85,92802
85.25,92804
85.5,92808
85.75,92810
86,92810
86.25,92813
86.5,92815
86.75,92818
87,92819
87.25,92823
87.5,92823
87.75,92825
88,92826
88.25,92828
88.5,92830
88.75,92830
89,92831
89.25,92835
89.5,92838
89.75,92840
90,92841
90.25,92841
90.5,92842
90.75,92843
91,92846
91.25,92846
91.5,92848
91.75,92848
92,92848
92.25,92849
92.5,92852
92.75,92852
93,92852
93.25,92854
93.5,92855
93.75,92855
94,92856
94.25,92858
94.5,92858
94.75,92860
95,92860
95.25,92860
95.5,92860
95.75,92861
96,92862
96.25,92863
96.5,92863
96.75,92864
97,92864
97.25,92864
97.5,92865
97.75,92867
98,92867
98.25,92867
98.5,92867
98.75,92867
99,92868
99.25,92868
99.5,92868
99.75,92868
100,92868
100.25,92869
100.5,92870
100.75,92870
101,92871
101.25,92872
101.5,92872
101.75,92872
102,92873
102.25,92873
102.5,92873
102.75,92874
103,92874
103.25,92874
103.5,92876
103.75,92878
104,92878
104.25,92879
104.5,92879
104.75,92879
105,92879
105.25,92879
105.5,92879
105.75,92879
106,92879
106.25,92879
106.5,92879
106.75,92879
107,92879
107.25,92880
107.5,92880
107.75,92880
108,92880
108.25,92880
108.5,92880
108.75,92880
109,92880
109.25,92880
109.5,92880
109.75,92880
110,92880
110.25,92880
110.5,92880
110.75,92880
111,92880
111.25,92880
111.5,92880
111.75,92880
112,92880
112.25,92880
112.5,92880
112.75,92880
113,92880
113.25,92880
113.5,92880
113.75,92880
114,92880
114.25,92880
114.5,92880
114.75,92880
115,92880
115.25,92880
115.5,92880
115.75,92880
116,92880
116.25,92880
116.5,92880
116.75,92880
117,92880
117.25,92880
117.5,92880
117.75,92880
118,92880
118.25,92880
118.5,92880
118.75,92880
119,92880
119.25,92880
119.5,92880
119.75,92880
120,92880
120.25,92880
120.5,92880
120.75,92880
121,92880
121.25,92880
121.5,92880
121.75,92880
122,92880
122.25,92880
122.5,92880
122.75,92880
123,92880
123.25,92880
123.5,92880
123.75,92880
124,92880
124.25,92880
124.5,92880
124.75,92880
125,92880
125.25,92880
125.5,92880
125.75,92880
126,92880
126.25,92880
126.5,92880
126.75,92880
127,92880
127.25,92880
127.5,92880
127.75,92880
128,92880
128.25,92880
128.5,92880
128.75,92880
129,92880
129.25,92880
129.5,92880
129.75,92880
130,92880
130.25,92880
130.5,92880
130.75,92880
131,92880
131.25,92880
131.5,92880
131.75,92880
132,92880
132.25,92880
132.5,92880
132.75,92880
133,92880
133.25,92880
133.5,92880
133.75,92880
134,92880
134.25,92880
134.5,92880
134.75,92880
135,92880
135.25,92880
135.5,92880
135.75,92880
136,92880
136.25,92880
136.5,92880
136.75,92880
137,92880
137.25,92880
137.5,92880
137.75,92880
138,92880
138.25,92880
138.5,92880
138.75,92880
139,92880
139.25,92880
139.5,92880
139.75,92880
140,92880
140.25,92880
140.5,92880
140.75,92880
141,92880
141.25,92880
141.5,92880
141.75,92880
142,92880
142.25,92880
142.5,92880
142.75,92880
143,92880
143.25,92880
143.5,92880
143.75,92880
144,92880
144.25,92880
144.5,92880
144.75,92880
145,92880
145.25,92880
145.5,92880
145.75,92880
146,92880
146.25,92880
146.5,92880
146.75,92880
147,92880
147.25,92880
147.5,92880
147.75,92880
148,92880
148.25,92880
148.5,92880
148.75,92880
149,92880
149.25,92880
149.5,92880
149.75,92880
150,92880
150.25,92880
150.5,92880
150.75,92880
151,92880
151.25,92880
151.5,92880
151.75,92880
152,92880
152.25,92880
152.5,92880
152.75,92880
153,92880
153.25,92880
153.5,92880
153.75,92880
154,92880
154.25,92880
154.5,92880
154.75,92880
155,92880
155.25,92880
155.5,92880
155.75,92880
156,92880
156.25,92880
156.5,92880
156.75,92880
157,92880
157.25,92880
157.5,92880
157.75,92880
158,92880
158.25,92880
158.5,92880
158.75,92880
159,92880
159.25,92880
159.5,92880
159.75,92880
160,92880
160.25,92880
160.5,92880
160.75,92880
161,92880
161.25,92880
161.5,92880
161.75,92880
162,92880
162.25,92880
162.5,92880
162.75,92880
163,92880
163.25,92880
163.5,92880
163.75,92880
164,92880
164.25,92880
164.5,92880
164.75,92880
165,92880
165.25,92880
165.5,92880
165.75,92880
166,92880
166.25,92880
166.5,92880
166.75,92880
167,92880
167.25,92880
167.5,92880
167.75,92880
168,92880
168.25,92880
168.5,92880
168.75,92880
169,92880
169.25,92880
169.5,92880
169.75,92880
170,92880
170.25,92880
170.5,92880
170.75,92880
171,92880
171.25,92880
171.5,92880
171.75,92880
172,92880
172.25,92880
172.5,92880
172.75,92880
173,92880
173.25,92880
173.5,92880
173.75,92880
174,92880
174.25,92880
174.5,92880
174.75,92880
175,92880
175.25,92880
175.5,92880
175.75,92880
176,92880
176.25,92880
176.5,92880
176.75,92880
177,92880
177.25,92880
177.5,92880
177.75,92880
178,92880
178.25,92880
178.5,92880
178.75,92880
179,92880
179.25,92880
179.5,92880
179.75,92880
180,92880
180.25,92880
180.5,92880
180.75,92880
181,92880
181.25,92880
181.5,92880
181.75,92880
182,92880
182.25,92880
182.5,92880
182.75,92880
183,92880
183.25,92880
183.5,92880
183.75,92880
184,92880
184.25,92880
184.5,92880
184.75,92880
185,92880
185.25,92880
185.5,92880
185.75,92880
186,92880
186.25,92880
186.5,92880
186.75,92880
187,92880
187.25,92880
187.5,92880
187.75,92880
188,92880
188.25,92880
188.5,92880
188.75,92880
189,92880
189.25,92880
189.5,92880
189.75,92880
190,92880
190.25,92880
190.5,92880
190.75,92880
191,92880
191.25,92880
191.5,92880
191.75,92880
192,92880
192.25,92880
192.5,92880
192.75,92880
193,92880
193.25,92880
193.5,92880
193.75,92880
194,92880
194.25,92880
194.5,92880
194.75,92880
195,92880
195.25,92880
195.5,92880
195.75,92880
196,92880
196.25,92880
196.5,92880
196.75,92880
197,92880
197.25,92880
197.5,92880
197.75,92880
198,92880
198.25,92880
198.5,92880
198.75,92880
199,92880
199.25,92880
199.5,92880
199.75,92880
200,92880
200.25,92880
200.5,92880
200.75,92880
201,92880
201.25,92880
201.5,92880
201.75,92880
202,92880
202.25,92880
202.5,92880
202.75,92880
203,92880
203.25,92880
203.5,92880
203.75,92880
204,92880
204.25,92880
204.5,92880
204.75,92880
205,92880
205.25,92880
205.5,92880
205.75,92880
206,92880
206.25,92880
206.5,92880
206.75,92880
207,92880
207.25,92880
207.5,92880
207.75,92880
208,92880
208.25,92880
208.5,92880
208.75,92880
209,92880
209.25,92880
209.5,92880
209.75,92880
210,92880
210.25,92880
210.5,92880
210.75,92880
211,92880
211.25,92880
211.5,92880
211.75,92880
212,92880
212.25,92880
212.5,92880
212.75,92880
213,92880
213.25,92880
213.5,92880
213.75,92880
214,92880
214.25,92880
214.5,92880
214.75,92880
215,92880
215.25,92880
215.5,92880
215.75,92880
216,92880
216.25,92880
216.5,92880
216.75,92880
217,92880
217.25,92880
217.5,92880
217.75,92880
218,92880
218.25,92880
218.5,92880
218.75,92880
219,92880
219.25,92880
219.5,92880
219.75,92880
220,92880
220.25,92880
220.5,92880
220.75,92880
221,92880
221.25,92880
221.5,92880
221.75,92880
222,92880
222.25,92880
222.5,92880
222.75,92880
223,92880
223.25,92880
223.5,92880
223.75,92880
224,92880
224.25,92880
224.5,92880
224.75,92880
225,92880
225.25,92880
225.5,92880
225.75,92880
226,92880
226.25,92880
226.5,92880
226.75,92880
227,92880
227.25,92880
227.5,92880
227.75,92880
228,92880
228.25,92880
228.5,92880
228.75,92880
229,92880
229.25,92880
229.5,92880
229.75,92880
230,92880
230.25,92880
230.5,92880
230.75,92880
231,92880
231.25,92880
231.5,92880
231.75,92880
232,92880
232.25,92880
232.5,92880
232.75,92880
233,92880
233.25,92880
233.5,92880
233.75,92880
234,92880
234.25,92880
234.5,92880
234.75,92880
235,92880
235.25,92880
235.5,92880
235.75,92880
236,92880
236.25,92880
236.5,92880
236.75,92880
237,92880
237.25,92880
237.5,92880
237.75,92880
238,92880
238.25,92880
238.5,92880
238.75,92880
239,92880
239.25,92880
239.5,92880
239.75,92880
240,92880
240.25,92880
240.5,92880
240.75,92880
241,92880
241.25,92880
241.5,92880
241.75,92880
242,92880
242.25,92880
242.5,92880
242.75,92880
243,92880
243.25,92880
243.5,92880
243.75,92880
244,92880
244.25,92880
244.5,92880
244.75,92880
245,92880
245.25,92880
245.5,92880
245.75,92880
246,92880
246.25,92880
246.5,92880
246.75,92880
247,92880
247.25,92880
247.5,92880
247.75,92880
248,92880
248.25,92880
248.5,92880
248.75,92880
249,92880
249.25,92880
249.5,92880
249.75,92880
250,92880
250.25,92880
250.5,92880
250.75,92880
251,92880
251.25,92880
251.5,92880
251.75,92880
252,92880
252.25,92880
252.5,92880
252.75,92880
253,92880
253.25,92880
253.5,92880
253.75,92880
254,92880
254.25,92880
254.5,92880
254.75,92880
255,92880
255.25,92880
255.5,92880
255.75,92880
256,92880
256.25,92880
256.5,92880
256.75,92880
257,92880
257.25,92880
257.5,92880
257.75,92880
258,92880
258.25,92880
258.5,92880
258.75,92880
259,92880
259.25,92880
259.5,92880
259.75,92880
260,92880
260.25,92880
260.5,92880
260.75,92880
261,92880
261.25,92880
261.5,92880
261.75,92880
262,92880
262.25,92880
262.5,92880
262.75,92880
263,92880
263.25,92880
263.5,92880
263.75,92880
264,92880
264.25,92880
264.5,92880
264.75,92880
265,92880
265.25,92880
265.5,92880
265.75,92880
266,92880
266.25,92880
266.5,92880
266.75,92880
267,92880
267.25,92880
267.5,92880
267.75,92880
268,92880
268.25,92880
268.5,92880
268.75,92880
269,92880
269.25,92880
269.5,92880
269.75,92880
270,92880
270.25,92880
270.5,92880
270.75,92880
271,92880
271.25,92880
271.5,92880
271.75,92880
272,92880
272.25,92880
272.5,92880
272.75,92880
273,92880
273.25,92880
273.5,92880
273.75,92880
274,92880
274.25,92880
274.5,92880
274.75,92880
275,92880
275.25,92880
275.5,92880
275.75,92880
276,92880
276.25,92880
276.5,92880
276.75,92880
277,92880
277.25,92880
277.5,92880
277.75,92880
278,92880
278.25,92880
278.5,92880
278.75,92880
279,92880
279.25,92880
279.5,92880
279.75,92880
280,92880
280.25,92880
280.5,92880
280.75,92880
281,92880
281.25,92880
281.5,92880
281.75,92880
282,92880
282.25,92880
282.5,92880
282.75,92880
283,92880
283.25,92880
283.5,92880
283.75,92880
284,92880
284.25,92880
284.5,92880
284.75,92880
285,92880
285.25,92880
285.5,92880
285.75,92880
286,92880
286.25,92880
286.5,92880
286.75,92880
287,92880
287.25,92880
287.5,92880
287.75,92880
288,92880
288.25,92880
288.5,92880
288.75,92880
289,92880
289.25,92880
289.5,92880
289.75,92880
290,92880
290.25,92880
290.5,92880
290.75,92880
291,92880
291.25,92880
291.5,92880
291.75,92880
292,92880
292.25,92880
292.5,92880
292.75,92880
293,92880
293.25,92880
293.5,92880
293.75,92880
294,92880
294.25,92880
294.5,92880
294.75,92880
295,92880
295.25,92880
295.5,92880
295.75,92880
296,92880
296.25,92880
296.5,92880
296.75,92880
297,92880
297.25,92880
297.5,92880
297.75,92880
298,92880
298.25,92880
298.5,92880
298.75,92880
299,92880
299.25,92880
299.5,92880
299.75,92880
300,92880
300.25,92880
300.5,92880
300.75,92880
301,92880
301.25,92880
301.5,92880
301.75,92880
302,92880
302.25,92880
302.5,92880
302.75,92880
303,92880
303.25,92880
303.5,92880
303.75,92880
304,92880
304.25,92880
304.5,92880
304.75,92880
305,92880
305.25,92880
305.5,92880
305.75,92880
306,92880
306.25,92880
306.5,92880
306.75,92880
307,92880
307.25,92880
307.5,92880
307.75,92880
308,92880
308.25,92880
308.5,92880
308.75,92880
309,92880
309.25,92880
309.5,92880
309.75,92880
310,92880
310.25,92880
310.5,92880
310.75,92880
311,92880
311.25,92880
311.5,92880
311.75,92880
312,92880
312.25,92880
312.5,92880
312.75,92880
313,92880
313.25,92880
313.5,92880
313.75,92880
314,92880
314.25,92880
314.5,92880
314.75,92880
315,92880
315.25,92880
315.5,92880
315.75,92880
316,92880
316.25,92880
316.5,92880
316.75,92880
317,92880
317.25,92880
317.5,92880
317.75,92880
318,92880
318.25,92880
318.5,92880
318.75,92880
319,92880
319.25,92880
319.5,92880
319.75,92880
320,92880
320.25,92880
320.5,92880
320.75,92880
321,92880
321.25,92880
321.5,92880
321.75,92880
322,92880
322.25,92880
322.5,92880
322.75,92880
323,92880
323.25,92880
323.5,92880
323.75,92880
324,92880
324.25,92880
324.5,92880
324.75,92880
325,92880
325.25,92880
325.5,92880
325.75,92880
326,92880
326.25,92880
326.5,92880
326.75,92880
327,92880
327.25,92880
327.5,92880
327.75,92880
328,92880
328.25,92880
328.5,92880
328.75,92880
329,92880
329.25,92880
329.5,92880
329.75,92880
330,92880
330.25,92880
330.5,92880
330.75,92880
331,92880
331.25,92880
331.5,92880
331.75,92880
332,92880
332.25,92880
332.5,92880
332.75,92880
333,92880
333.25,92880
333.5,92880
333.75,92880
334,92880
334.25,92880
334.5,92880
334.75,92880
335,92880
335.25,92880
335.5,92880
335.75,92880
336,92880
336.25,92880
336.5,92880
336.75,92880
337,92880
337.25,92880
337.5,92880
337.75,92880
338,92880
338.25,92880
338.5,92880
338.75,92880
339,92880
339.25,92880
339.5,92880
339.75,92880
340,92880
340.25,92880
340.5,92880
340.75,92880
341,92880
341.25,92880
341.5,92880
341.75,92880
342,92880
342.25,92880
342.5,92880
342.75,92880
343,92880
343.25,92880
343.5,92880
343.75,92880
344,92880
344.25,92880
344.5,92880
344.75,92880
345,92880
345.25,92880
345.5,92880
345.75,92880
346,92880
346.25,92880
346.5,92880
346.75,92880
347,92880
347.25,92880
347.5,92880
347.75,92880
348,92880
348.25,92880
348.5,92880
348.75,92880
349,92880
349.25,92880
349.5,92880
349.75,92880
350,92880
350.25,92880
350.5,92880
350.75,92880
351,92880
351.25,92880
351.5,92880
351.75,92880
352,92880
352.25,92880
352.5,92880
352.75,92880
353,92880
353.25,92880
353.5,92880
353.75,92880
354,92880
354.25,92880
354.5,92880
354.75,92880
355,92880
355.25,92880
355.5,92880
355.75,92880
356,92880
356.25,92880
356.5,92880
356.75,92880
357,92880
357.25,92880
357.5,92880
357.75,92880
358,92880
358.25,92880
358.5,92880
358.75,92880
359,92880
359.25,92880
359.5,92880
359.75,92880
360,92880
360.25,92880
360.5,92880
360.75,92880
361,92880
361.25,92880
361.5,92880
361.75,92880
362,92880
362.25,92880
362.5,92880
362.75,92880
363,92880
363.25,92880
363.5,92880
363.75,92880
364,92880
364.25,92880
364.5,92880
364.75,92880
365,92880
365.25,92880
365.5,92880
365.75,92880
366,92880
366.25,92880
366.5,92880
366.75,92880
367,92880
367.25,92880
367.5,92880
367.75,92880
368,92880
368.25,92880
368.5,92880
368.75,92880
369,92880
369.25,92880
369.5,92880
369.75,92880
370,92880
370.25,92880
370.5,92880
370.75,92880
371,92880
371.25,92880
371.5,92880
371.75,92880
372,92880
372.25,92880
372.5,92880
372.75,92880
373,92880
373.25,92880
373.5,92880
373.75,92880
374,92880
374.25,92880
374.5,92880
374.75,92880
375,92880
375.25,92880
375.5,92880
375.75,92880
376,92880
376.25,92880
376.5,92880
376.75,92880
377,92880
377.25,92880
377.5,92880
377.75,92880
378,92880
378.25,92880
378.5,92880
378.75,92880
379,92880
379.25,92880
379.5,92880
379.75,92880
380,92880
380.25,92880
380.5,92880
380.75,92880
381,92880
381.25,92880
381.5,92880
381.75,92880
382,92880
382.25,92880
382.5,92880
382.75,92880
383,92880
383.25,92880
383.5,92880
383.75,92880
384,92880
384.25,92880
384.5,92880
384.75,92880
385,92880
385.25,92880
385.5,92880
385.75,92880
386,92880
386.25,92880
386.5,92880
386.75,92880
387,92880
387.25,92880
387.5,92880
387.75,92880
388,92880
388.25,92880
388.5,92880
388.75,92880
389,92880
389.25,92880
389.5,92880
389.75,92880
390,92880
390.25,92880
390.5,92880
390.75,92880
391,92880
391.25,92880
391.5,92880
391.75,92880
392,92880
392.25,92880
392.5,92880
392.75,92880
393,92880
393.25,92880
393.5,92880
393.75,92880
394,92880
394.25,92880
394.5,92880
394.75,92880
395,92880
395.25,92880
395.5,92880
395.75,92880
396,92880
396.25,92880
396.5,92880
396.75,92880
397,92880
397.25,92880
397.5,92880
397.75,92880
398,92880
398.25,92880
398.5,92880
398.75,92880
399,92880
399.25,92880
399.5,92880
399.75,92880
400,92880
400.25,92880
400.5,92880
400.75,92880
401,92880
401.25,92880
401.5,92880
401.75,92880
402,92880
402.25,92880
402.5,92880
402.75,92880
403,92880
403.25,92880
403.5,92880
403.75,92880
404,92880
404.25,92880
404.5,92880
404.75,92880
405,92880
405.25,92880
405.5,92880
405.75,92880
406,92880
406.25,92880
406.5,92880
406.75,92880
407,92880
407.25,92880
407.5,92880
407.75,92880
408,92880
408.25,92880
408.5,92880
408.75,92880
409,92880
409.25,92880
409.5,92880
409.75,92880
410,92880
410.25,92880
410.5,92880
410.75,92880
411,92880
411.25,92880
411.5,92880
411.75,92880
412,92880
412.25,92880
412.5,92880
412.75,92880
413,92880
413.25,92880
413.5,92880
413.75,92880
414,92880
414.25,92880
414.5,92880
414.75,92880
415,92880
415.25,92880
415.5,92880
415.75,92880
416,92880
416.25,92880
416.5,92880
416.75,92880
417,92880
417.25,92880
417.5,92880
417.75,92880
418,92880
418.25,92880
418.5,92880
418.75,92880
419,92880
419.25,92880
419.5,92880
419.75,92880
420,92880
420.25,92880
420.5,92880
420.75,92880
421,92880
421.25,92880
421.5,92880
421.75,92880
422,92880
422.25,92880
422.5,92880
422.75,92880
423,92880
423.25,92880
423.5,92880
423.75,92880
424,92880
424.25,92880
424.5,92880
424.75,92880
425,92880
425.25,92880
425.5,92880
425.75,92880
426,92880
426.25,92880
426.5,92880
426.75,92880
427,92880
427.25,92880
427.5,92880
427.75,92880
428,92880
428.25,92880
428.5,92880
428.75,92880
429,92880
429.25,92880
429.5,92880
429.75,92880
430,92880
430.25,92880
430.5,92880
430.75,92880
431,92880
431.25,92880
431.5,92880
431.75,92880
432,92880
432.25,92880
432.5,92880
432.75,92880
433,92880
433.25,92880
433.5,92880
433.75,92880
434,92880
434.25,92880
434.5,92880
434.75,92880
435,92880
435.25,92880
435.5,92880
435.75,92880
436,92880
436.25,92880
436.5,92880
436.75,92880
437,92880
437.25,92880
437.5,92880
437.75,92880
438,92880
438.25,92880
438.5,92880
438.75,92880
439,92880
439.25,92880
439.5,92880
439.75,92880
440,92880
440.25,92880
440.5,92880
440.75,92880
441,92880
441.25,92880
441.5,92880
441.75,92880
442,92880
442.25,92880
442.5,92880
442.75,92880
443,92880
443.25,92880
443.5,92880
443.75,92880
444,92880
444.25,92880
444.5,92880
444.75,92880
445,92880
445.25,92880
445.5,92880
445.75,92880
446,92880
446.25,92880
446.5,92880
446.75,92880
447,92880
447.25,92880
447.5,92880
447.75,92880
448,92880
448.25,92880
448.5,92880
448.75,92880
449,92880
449.25,92880
449.5,92880
449.75,92880
450,92880
450.25,92880
450.5,92880
450.75,92880
451,92880
451.25,92880
451.5,92880
451.75,92880
452,92880
452.25,92880
452.5,92880
452.75,92880
453,92880
453.25,92880
453.5,92880
453.75,92880
454,92880
454.25,92880
454.5,92880
454.75,92880
455,92880
455.25,92880
455.5,92880
455.75,92880
456,92880
456.25,92880
456.5,92880
456.75,92880
457,92880
457.25,92880
457.5,92880
457.75,92880
458,92880
458.25,92880
458.5,92880
458.75,92880
459,92880
459.25,92880
459.5,92880
459.75,92880
460,92880
460.25,92880
460.5,92880
460.75,92880
461,92880
461.25,92880
461.5,92880
461.75,92880
462,92880
462.25,92880
462.5,92880
462.75,92880
463,92880
463.25,92880
463.5,92880
463.75,92880
464,92880
464.25,92880
464.5,92880
464.75,92880
465,92880
465.25,92880
465.5,92880
465.75,92880
466,92880
466.25,92880
466.5,92880
466.75,92880
467,92880
467.25,92880
467.5,92880
467.75,92880
468,92880
468.25,92880
468.5,92880
468.75,92880
469,92880
469.25,92880
469.5,92880
469.75,92880
470,92880
470.25,92880
470.5,92880
470.75,92880
471,92880
471.25,92880
471.5,92880
471.75,92880
472,92880
472.25,92880
472.5,92880
472.75,92880
473,92880
473.25,92880
473.5,92880
473.75,92880
474,92880
474.25,92880
474.5,92880
474.75,92880
475,92880
475.25,92880
475.5,92880
475.75,92880
476,92880
476.25,92880
476.5,92880
476.75,92880
477,92880
477.25,92880
477.5,92880
477.75,92880
478,92880
478.25,92880
478.5,92880
478.75,92880
479,92880
479.25,92880
479.5,92880
479.75,92880
480,92880
480.25,92880
480.5,92880
480.75,92880
481,92880
481.25,92880
481.5,92880
481.75,92880
482,92880
482.25,92880
482.5,92880
482.75,92880
483,92880
483.25,92880
483.5,92880
483.75,92880
484,92880
484.25,92880
484.5,92880
484.75,92880
485,92880
485.25,92880
485.5,92880
485.75,92880
486,92880
486.25,92880
486.5,92880
486.75,92880
487,92880
487.25,92880
487.5,92880
487.75,92880
488,92880
488.25,92880
488.5,92880
488.75,92880
489,92880
489.25,92880
489.5,92880
489.75,92880
490,92880
490.25,92880
490.5,92880
490.75,92880
491,92880
491.25,92880
491.5,92880
491.75,92880
492,92880
492.25,92880
492.5,92880
492.75,92880
493,92880
493.25,92880
493.5,92880
493.75,92880
494,92880
494.25,92880
494.5,92880
494.75,92880
495,92880
495.25,92880
495.5,92880
495.75,92880
496,92880
496.25,92880
496.5,92880
496.75,92880
497,92880
497.25,92880
497.5,92880
497.75,92880
498,92880
498.25,92880
498.5,92880
498.75,92880
499,92880
499.25,92880
499.5,92880
499.75,92880
500,92880
500.25,92880
500.5,92880
500.75,92880
501,92880
501.25,92880
501.5,92880
501.75,92880
502,92880
502.25,92880
502.5,92880
502.75,92880
503,92880
503.25,92880
503.5,92880
503.75,92880
504,92880
504.25,92880
504.5,92880
504.75,92880
505,92880
505.25,92880
505.5,92880
505.75,92880
506,92880
506.25,92880
506.5,92880
506.75,92880
507,92880
507.25,92880
507.5,92880
507.75,92880
508,92880
508.25,92880
508.5,92880
508.75,92880
509,92880
509.25,92880
509.5,92880
509.75,92880
510,92880
510.25,92880
510.5,92880
510.75,92880
511,92880
511.25,92880
511.5,92880
511.75,92880
512,92880
512.25,92880
512.5,92880
512.75,92880
513,92880
513.25,92880
513.5,92880
513.75,92880
514,92880
514.25,92880
514.5,92880
514.75,92880
515,92880
515.25,92880
515.5,92880
515.75,92880
516,92880
516.25,92880
516.5,92880
516.75,92880
517,92880
517.25,92880
517.5,92880
517.75,92880
518,92880
518.25,92880
518.5,92880
518.75,92880
519,92880
519.25,92880
519.5,92880
519.75,92880
520,92880
520.25,92880
520.5,92880
520.75,92880
521,92880
521.25,92880
521.5,92880
521.75,92880
522,92880
522.25,92880
522.5,92880
522.75,92880
523,92880
523.25,92880
523.5,92880
523.75,92880
524,92880
524.25,92880
524.5,92880
524.75,92880
525,92880
525.25,92880
525.5,92880
525.75,92880
526,92880
526.25,92880
526.5,92880
526.75,92880
527,92880
527.25,92880
527.5,92880
527.75,92880
528,92880
528.25,92880
528.5,92880
528.75,92880
529,92880
529.25,92880
529.5,92880
529.75,92880
530,92880
530.25,92880
530.5,92880
530.75,92880
531,92880
531.25,92880
531.5,92880
531.75,92880
532,92880
532.25,92880
532.5,92880
532.75,92880
533,92880
533.25,92880
533.5,92880
533.75,92880
534,92880
534.25,92880
534.5,92880
534.75,92880
535,92880
535.25,92880
535.5,92880
535.75,92880
536,92880
536.25,92880
536.5,92880
536.75,92880
537,92880
537.25,92880
537.5,92880
537.75,92880
538,92880
538.25,92880
538.5,92880
538.75,92880
539,92880
539.25,92880
539.5,92880
539.75,92880
540,92880
540.25,92880
540.5,92880
540.75,92880
541,92880
541.25,92880
541.5,92880
541.75,92880
542,92880
542.25,92880
542.5,92880
542.75,92880
543,92880
543.25,92880
543.5,92880
543.75,92880
544,92880
544.25,92880
544.5,92880
544.75,92880
545,92880
545.25,92880
545.5,92880
545.75,92880
546,92880
546.25,92880
546.5,92880
546.75,92880
547,92880
547.25,92880
547.5,92880
547.75,92880
548,92880
548.25,92880
548.5,92880
548.75,92880
549,92880
549.25,92880
549.5,92880
549.75,92880
550,92880
550.25,92880
550.5,92880
550.75,92880
551,92880
551.25,92880
551.5,92880
551.75,92880
552,92880
552.25,92880
552.5,92880
552.75,92880
553,92880
553.25,92880
553.5,92880
553.75,92880
554,92880
554.25,92880
554.5,92880
554.75,92880
555,92880
555.25,92880
555.5,92880
555.75,92880
556,92880
556.25,92880
556.5,92880
556.75,92880
557,92880
557.25,92880
557.5,92880
557.75,92880
558,92880
558.25,92880
558.5,92880
558.75,92880
559,92880
559.25,92880
559.5,92880
559.75,92880
560,92880
560.25,92880
560.5,92880
560.75,92880
561,92880
561.25,92880
561.5,92880
561.75,92880
562,92880
562.25,92880
562.5,92880
562.75,92880
563,92880
563.25,92880
563.5,92880
563.75,92880
564,92880
564.25,92880
564.5,92880
564.75,92880
565,92880
565.25,92880
565.5,92880
565.75,92880
566,92880
566.25,92880
566.5,92880
566.75,92880
567,92880
567.25,92880
567.5,92880
567.75,92880
568,92880
568.25,92880
568.5,92880
568.75,92880
569,92880
569.25,92880
569.5,92880
569.75,92880
570,92880
570.25,92880
570.5,92880
570.75,92880
571,92880
571.25,92880
571.5,92880
571.75,92880
572,92880
572.25,92880
572.5,92880
572.75,92880
573,92880
573.25,92880
573.5,92880
573.75,92880
574,92880
574.25,92880
574.5,92880
574.75,92880
575,92880
575.25,92880
575.5,92880
575.75,92880
576,92880
576.25,92880
576.5,92880
576.75,92880
577,92880
577.25,92880
577.5,92880
577.75,92880
578,92880
578.25,92880
578.5,92880
578.75,92880
579,92880
579.25,92880
579.5,92880
579.75,92880
580,92880
580.25,92880
580.5,92880
580.75,92880
581,92880
581.25,92880
581.5,92880
581.75,92880
582,92880
582.25,92880
582.5,92880
582.75,92880
583,92880
583.25,92880
583.5,92880
583.75,92880
584,92880
584.25,92880
584.5,92880
584.75,92880
585,92880
585.25,92880
585.5,92880
585.75,92880
586,92880
586.25,92880
586.5,92880
586.75,92880
587,92880
587.25,92880
587.5,92880
587.75,92880
588,92880
588.25,92880
588.5,92880
588.75,92880
589,92880
589.25,92880
589.5,92880
589.75,92880
590,92880
590.25,92880
590.5,92880
590.75,92880
591,92880
591.25,92880
591.5,92880
591.75,92880
592,92880
592.25,92880
592.5,92880
592.75,92880
593,92880
593.25,92880
593.5,92880
593.75,92880
594,92880
594.25,92880
594.5,92880
594.75,92880
595,92880
595.25,92880
595.5,92880
595.75,92880
596,92880
596.25,92880
596.5,92880
596.75,92880
597,92880
597.25,92880
597.5,92880
597.75,92880
598,92880
598.25,92880
598.5,92880
598.75,92880
599,92880
599.25,92880
599.5,92880
599.75,92880
600,92880
600.25,92880
600.5,92880
600.75,92880
601,92880
601.25,92880
601.5,92880
601.75,92880
602,92880
602.25,92880
602.5,92880
602.75,92880
603,92880
603.25,92880
603.5,92880
603.75,92880
604,92880
604.25,92880
604.5,92880
604.75,92880
605,92880
605.25,92880
605.5,92880
605.75,92880
606,92880
606.25,92880
606.5,92880
606.75,92880
607,92880
607.25,92880
607.5,92880
607.75,92880
608,92880
608.25,92880
608.5,92880
608.75,92880
609,92880
609.25,92880
609.5,92880
609.75,92880
610,92880
610.25,92880
610.5,92880
610.75,92880
611,92880
611.25,92880
611.5,92880
611.75,92880
612,92880
612.25,92880
612.5,92880
612.75,92880
613,92880
613.25,92880
613.5,92880
613.75,92880
614,92880
614.25,92880
614.5,92880
614.75,92880
615,92880
615.25,92880
615.5,92880
615.75,92880
616,92880
616.25,92880
616.5,92880
616.75,92880
617,92880
617.25,92880
617.5,92880
617.75,92880
618,92880
618.25,92880
618.5,92880
618.75,92880
619,92880
619.25,92880
619.5,92880
619.75,92880
620,92880
620.25,92880
620.5,92880
620.75,92880
621,92880
621.25,92880
621.5,92880
621.75,92880
622,92880
622.25,92880
622.5,92880
622.75,92880
623,92880
623.25,92880
623.5,92880
623.75,92880
624,92880
624.25,92880
624.5,92880
624.75,92880
625,92880
625.25,92880
625.5,92880
625.75,92880
626,92880
626.25,92880
626.5,92880
626.75,92880
627,92880
627.25,92880
627.5,92880
627.75,92880
628,92880
628.25,92880
628.5,92880
628.75,92880
629,92880
629.25,92880
629.5,92880
629.75,92880
630,92880
630.25,92880
630.5,92880
630.75,92880
631,92880
631.25,92880
631.5,92880
631.75,92880
632,92880
632.25,92880
632.5,92880
632.75,92880
633,92880
633.25,92880
633.5,92880
633.75,92880
634,92880
634.25,92880
634.5,92880
634.75,92880
635,92880
635.25,92880
635.5,92880
635.75,92880
636,92880
636.25,92880
636.5,92880
636.75,92880
637,92880
637.25,92880
637.5,92880
637.75,92880
638,92880
638.25,92880
638.5,92880
638.75,92880
639,92880
639.25,92880
639.5,92880
639.75,92880
640,92880
640.25,92880
640.5,92880
640.75,92880
641,92880
641.25,92880
641.5,92880
641.75,92880
642,92880
642.25,92880
642.5,92880
642.75,92880
643,92880
643.25,92880
643.5,92880
643.75,92880
644,92880
644.25,92880
644.5,92880
644.75,92880
645,92880
645.25,92880
645.5,92880
645.75,92880
646,92880
646.25,92880
646.5,92880
646.75,92880
647,92880
647.25,92880
647.5,92880
647.75,92880
648,92880
648.25,92880
648.5,92880
648.75,92880
649,92880
649.25,92880
649.5,92880
649.75,92880
650,92880
650.25,92880
650.5,92880
650.75,92880
651,92880
651.25,92880
651.5,92880
651.75,92880
652,92880
652.25,92880
652.5,92880
652.75,92880
653,92880
653.25,92880
653.5,92880
653.75,92880
654,92880
654.25,92880
654.5,92880
654.75,92880
655,92880
655.25,92880
655.5,92880
655.75,92880
656,92880
656.25,92880
656.5,92880
656.75,92880
657,92880
657.25,92880
657.5,92880
657.75,92880
658,92880
658.25,92880
658.5,92880
658.75,92880
659,92880
659.25,92880
659.5,92880
659.75,92880
660,92880
660.25,92880
660.5,92880
660.75,92880
661,92880
661.25,92880
661.5,92880
661.75,92880
662,92880
662.25,92880
662.5,92880
662.75,92880
663,92880
663.25,92880
663.5,92880
663.75,92880
664,92880
664.25,92880
664.5,92880
664.75,92880
665,92880
665.25,92880
665.5,92880
665.75,92880
666,92880
666.25,92880
666.5,92880
666.75,92880
667,92880
667.25,92880
667.5,92880
667.75,92880
668,92880
668.25,92880
668.5,92880
668.75,92880
669,92880
669.25,92880
669.5,92880
669.75,92880
670,92880
670.25,92880
670.5,92880
670.75,92880
671,92880
671.25,92880
671.5,92880
671.75,92880
672,92880
672.25,92880
672.5,92880
672.75,92880
673,92880
673.25,92880
673.5,92880
673.75,92880
674,92880
674.25,92880
674.5,92880
674.75,92880
675,92880
675.25,92880
675.5,92880
675.75,92880
676,92880
676.25,92880
676.5,92880
676.75,92880
677,92880
677.25,92880
677.5,92880
677.75,92880
678,92880
678.25,92880
678.5,92880
678.75,92880
679,92880
679.25,92880
679.5,92880
679.75,92880
680,92880
680.25,92880
680.5,92880
680.75,92880
681,92880
681.25,92880
681.5,92880
681.75,92880
682,92880
682.25,92880
682.5,92880
682.75,92880
683,92880
683.25,92880
683.5,92880
683.75,92880
684,92880
684.25,92880
684.5,92880
684.75,92880
685,92880
685.25,92880
685.5,92880
685.75,92880
686,92880
686.25,92880
686.5,92880
686.75,92880
687,92880
687.25,92880
687.5,92880
687.75,92880
688,92880
688.25,92880
688.5,92880
688.75,92880
689,92880
689.25,92880
689.5,92880
689.75,92880
690,92880
690.25,92880
690.5,92880
690.75,92880
691,92880
691.25,92880
691.5,92880
691.75,92880
692,92880
692.25,92880
692.5,92880
692.75,92880
693,92880
693.25,92880
693.5,92880
693.75,92880
694,92880
694.25,92880
694.5,92880
694.75,92880
695,92880
695.25,92880
695.5,92880
695.75,92880
696,92880
696.25,92880
696.5,92880
696.75,92880
697,92880
697.25,92880
697.5,92880
697.75,92880
698,92880
698.25,92880
698.5,92880
698.75,92880
699,92880
699.25,92880
699.5,92880
699.75,92880
